No.,Word,Valence_Mean,Valence_SD,Arousal_Mean,Arousal_SD,Frequency
1,不可思議,5.4 ,1.020 ,7.2 ,1.327 ,80
2,不平,3.6 ,0.490 ,5.8 ,0.980 ,65
3,不甘,3.2 ,0.400 ,6.4 ,0.800 ,31
4,不安,3.8 ,0.400 ,5.4 ,0.490 ,184
5,不利,3.6 ,0.490 ,5.6 ,0.800 ,158
6,不足,4.2 ,0.400 ,4.2 ,1.166 ,692
7,不定,4.2 ,0.400 ,3.8 ,0.980 ,66
8,不宜,3.8 ,0.748 ,4.4 ,1.356 ,133
9,不幸,2.6 ,0.490 ,6.0 ,1.549 ,282
10,不拘小節,6.4 ,0.490 ,4.2 ,1.720 ,5
11,不服,3.4 ,0.490 ,6.6 ,0.490 ,42
12,不知所措,3.2 ,0.748 ,6.2 ,1.327 ,31
13,不便,4.0 ,0.000 ,4.4 ,1.497 ,160
14,不耐,4.0 ,0.000 ,4.4 ,1.625 ,21
15,不耐煩,3.6 ,0.800 ,6.0 ,1.095 ,37
16,不准,3.6 ,0.490 ,6.2 ,0.980 ,66
17,不屑,3.0 ,0.632 ,6.0 ,1.265 ,27
18,不悅,3.2 ,1.166 ,6.0 ,1.265 ,19
19,不爽,2.8 ,1.166 ,7.2 ,0.400 ,0
20,不祥,2.8 ,0.400 ,5.2 ,1.166 ,20
21,不符,3.8 ,0.400 ,4.0 ,1.789 ,70
22,不順,3.6 ,0.490 ,4.6 ,1.020 ,0
23,不當,3.4 ,0.800 ,5.6 ,1.200 ,178
24,不解,4.2 ,0.400 ,4.2 ,1.470 ,91
25,不滿,3.2 ,0.748 ,6.4 ,0.800 ,349
26,不適,3.6 ,0.490 ,4.6 ,1.356 ,45
27,正,6.6 ,0.490 ,5.0 ,1.673 ,2573
28,多餘,4.0 ,0.000 ,4.0 ,1.549 ,74
29,好,6.8 ,0.400 ,5.2 ,0.400 ,8304
30,否定,3.4 ,0.490 ,5.4 ,1.356 ,153
31,否認,3.6 ,0.490 ,5.2 ,1.166 ,190
32,足夠,5.8 ,0.400 ,4.0 ,1.265 ,280
33,肯定,6.8 ,0.748 ,6.0 ,0.632 ,669
34,哇,6.0 ,0.894 ,6.6 ,0.490 ,174
35,哎呀,4.8 ,0.400 ,6.8 ,0.400 ,103
36,恰好,6.4 ,0.490 ,5.0 ,0.632 ,56
37,耶,7.2 ,1.166 ,7.2 ,1.166 ,229
38,單獨,4.4 ,0.800 ,3.6 ,1.200 ,87
39,無力,3.2 ,0.748 ,3.6 ,1.960 ,75
40,無足輕重,4.4 ,0.490 ,4.0 ,1.414 ,7
41,無情,2.6 ,1.020 ,5.8 ,2.400 ,79
42,無理,2.6 ,1.020 ,6.8 ,1.166 ,22
43,無暇,3.6 ,1.356 ,5.6 ,1.200 ,20
44,無趣,3.4 ,0.800 ,5.2 ,0.980 ,20
45,無禮,2.8 ,0.980 ,7.0 ,1.095 ,15
46,想,5.2 ,0.400 ,3.6 ,1.497 ,5898
47,過分,2.8 ,0.748 ,6.8 ,0.400 ,49
48,對,6.4 ,0.490 ,4.8 ,1.327 ,13944
49,認真,7.0 ,0.632 ,5.0 ,1.265 ,287
50,嘻,6.6 ,0.800 ,5.8 ,0.980 ,8
51,嘻嘻,7.0 ,1.095 ,6.2 ,0.748 ,25
52,隨便,4.2 ,0.980 ,5.2 ,0.400 ,203
53,隨意,5.6 ,0.490 ,4.2 ,0.980 ,133
54,豐富,6.8 ,0.748 ,5.6 ,1.020 ,674
55,願意,6.8 ,0.748 ,5.0 ,1.414 ,879
56,小心,4.6 ,1.020 ,6.0 ,0.894 ,435
57,分享,6.8 ,0.748 ,4.6 ,1.020 ,262
58,支持,7.2 ,0.400 ,5.0 ,1.789 ,966
59,支撐,5.6 ,1.020 ,5.6 ,1.855 ,117
60,付出,5.8 ,0.980 ,5.6 ,1.356 ,306
61,失去,3.2 ,0.400 ,6.4 ,1.356 ,563
62,失敗,2.2 ,1.166 ,7.2 ,1.166 ,323
63,打,3.2 ,0.748 ,6.6 ,0.800 ,1448
64,同意,6.4 ,0.490 ,4.4 ,1.200 ,598
65,成功,8.2 ,0.748 ,6.6 ,0.490 ,0
66,死,1.2 ,0.400 ,5.0 ,3.033 ,974
67,吸引,6.0 ,0.632 ,6.2 ,1.327 ,560
68,希望,7.0 ,0.632 ,5.2 ,1.720 ,3365
69,忘記,4.0 ,0.632 ,4.6 ,0.490 ,237
70,協助,6.6 ,0.490 ,4.6 ,1.020 ,830
71,抱,5.8 ,0.748 ,5.2 ,1.600 ,219
72,玩,5.6 ,1.497 ,5.8 ,0.980 ,896
73,信任,7.8 ,0.748 ,5.8 ,1.470 ,207
74,相信,7.2 ,0.980 ,5.4 ,1.356 ,1147
75,討厭,2.6 ,0.490 ,6.6 ,0.490 ,148
76,貢獻,7.4 ,1.020 ,5.6 ,1.020 ,302
77,逃避,3.0 ,0.000 ,6.0 ,0.632 ,148
78,喜愛,7.2 ,0.400 ,6.2 ,0.980 ,275
79,喜歡,7.0 ,0.632 ,5.8 ,0.980 ,1993
80,喪失,2.6 ,0.490 ,5.8 ,1.600 ,196
81,期望,6.0 ,0.000 ,5.2 ,1.166 ,226
82,答應,5.8 ,0.748 ,5.0 ,1.897 ,234
83,幹,1.0 ,0.000 ,8.8 ,0.400 ,199
84,愛,8.2 ,0.748 ,5.4 ,2.939 ,1553
85,愛好,7.0 ,0.000 ,5.6 ,1.200 ,108
86,感謝,7.4 ,0.490 ,5.6 ,1.744 ,243
87,損失,3.2 ,0.400 ,5.2 ,0.400 ,208
88,經歷,5.0 ,0.000 ,4.8 ,0.980 ,267
89,遇到,5.0 ,0.000 ,4.2 ,0.980 ,408
90,遊戲,5.8 ,1.166 ,4.8 ,1.720 ,478
91,鼓勵,7.0 ,0.000 ,6.2 ,0.748 ,906
92,適合,5.6 ,1.020 ,3.8 ,1.470 ,667
93,擔心,3.4 ,0.490 ,6.6 ,0.800 ,609
94,輸,3.0 ,0.894 ,4.4 ,1.200 ,155
95,錯過,3.6 ,0.490 ,4.4 ,0.800 ,114
96,幫忙,6.4 ,0.490 ,5.0 ,1.095 ,297
97,幫助,6.6 ,0.490 ,5.6 ,1.020 ,621
98,應付,4.2 ,0.400 ,5.4 ,1.625 ,163
99,謝謝,6.6 ,0.800 ,5.8 ,0.748 ,833
100,懷念,6.0 ,0.632 ,5.6 ,1.356 ,114
101,關心,6.4 ,0.490 ,6.0 ,0.894 ,664
102,關懷,6.8 ,0.400 ,6.4 ,1.200 ,341
103,贏,7.2 ,0.980 ,7.0 ,1.265 ,137
104,贏得,7.4 ,1.020 ,7.0 ,1.265 ,197
105,下流,2.2 ,0.748 ,7.6 ,1.200 ,7
106,王八蛋,1.4 ,0.490 ,8.6 ,0.490 ,0
107,他媽的,1.4 ,0.490 ,8.4 ,0.800 ,19
108,白目,2.2 ,0.748 ,7.2 ,1.166 ,0
109,白癡,2.2 ,0.748 ,7.4 ,1.020 ,5
110,呸,2.4 ,0.800 ,7.4 ,1.020 ,5
111,U圾,2.2 ,0.748 ,7.4 ,1.020 ,532
112,怪胎,2.4 ,0.800 ,7.0 ,1.414 ,6
113,放屁,2.6 ,1.020 ,7.0 ,1.673 ,4
114,狗屁,2.4 ,1.020 ,7.6 ,1.020 ,4
115,淫婦,1.8 ,0.400 ,7.8 ,1.166 ,0
116,混蛋,2.0 ,0.894 ,8.0 ,0.894 ,9
117,笨蛋,3.0 ,0.000 ,5.6 ,1.020 ,8
118,媽的,2.2 ,0.748 ,7.6 ,1.020 ,0
119,愚蠢,2.8 ,0.400 ,6.0 ,1.673 ,28
120,該死,2.6 ,1.020 ,7.6 ,1.200 ,10
121,賤,2.2 ,0.980 ,7.2 ,1.166 ,32
122,賤人,2.0 ,0.632 ,7.8 ,0.980 ,0
123,賤貨,1.8 ,0.748 ,8.2 ,0.748 ,0
124,操,2.0 ,0.632 ,8.0 ,0.894 ,58
125,蕩婦,1.8 ,0.748 ,7.8 ,0.980 ,0
126,蹩腳,3.6 ,0.800 ,5.2 ,1.939 ,0
127,壞蛋,3.0 ,0.632 ,6.4 ,1.356 ,12
128,爛貨,2.2 ,0.748 ,6.8 ,1.720 ,0
129,白痴,2.4 ,0.800 ,6.4 ,1.625 ,20
130,八卦,3.4 ,0.490 ,4.6 ,1.855 ,18
131,仇人,2.2 ,0.400 ,7.2 ,0.980 ,10
132,仇恨,2.2 ,0.748 ,7.8 ,0.748 ,34
133,仇敵,2.0 ,0.632 ,7.6 ,1.020 ,0
134,分擔,5.6 ,0.490 ,4.4 ,1.356 ,53
135,友,6.4 ,0.490 ,4.2 ,0.980 ,57
136,反駁,3.8 ,0.400 ,6.4 ,0.490 ,46
137,打岔,3.8 ,0.400 ,4.2 ,1.470 ,9
138,打架,2.6 ,0.490 ,7.6 ,0.490 ,76
139,打斷,4.0 ,0.632 ,4.6 ,1.855 ,53
140,交往,6.4 ,0.490 ,5.2 ,1.720 ,172
141,同情,5.4 ,0.800 ,4.2 ,0.980 ,131
142,安心,5.6 ,0.490 ,2.4 ,1.497 ,95
143,伴侶,7.0 ,0.000 ,4.6 ,2.245 ,43
144,忌妒,3.0 ,0.632 ,6.8 ,0.980 ,8
145,批評,3.2 ,0.748 ,7.6 ,0.490 ,242
146,抗議,3.2 ,0.748 ,7.8 ,0.748 ,332
147,取笑,3.6 ,0.490 ,6.2 ,0.748 ,16
148,坦白,6.0 ,0.632 ,5.6 ,1.020 ,60
149,奉承,3.6 ,0.490 ,5.6 ,1.200 ,9
150,奉獻,6.8 ,0.400 ,6.0 ,0.894 ,95
151,抱怨,2.8 ,0.400 ,6.6 ,0.490 ,190
152,拒絕,3.0 ,0.632 ,6.6 ,1.020 ,329
153,放心,6.2 ,0.400 ,3.2 ,1.327 ,138
154,朋友,6.8 ,0.748 ,4.2 ,1.166 ,1818
155,爭吵,3.4 ,0.490 ,6.6 ,1.020 ,43
156,爭論,3.8 ,0.748 ,6.6 ,0.800 ,31
157,知己,7.2 ,0.400 ,4.8 ,1.327 ,31
158,侮辱,2.4 ,1.020 ,7.6 ,0.800 ,53
159,信服,6.4 ,0.490 ,5.4 ,0.800 ,20
160,信賴,7.2 ,0.400 ,5.4 ,1.497 ,84
161,冒犯,3.2 ,0.748 ,7.0 ,0.894 ,12
162,怨恨,2.0 ,0.632 ,7.8 ,0.400 ,26
163,指責,3.4 ,0.490 ,6.8 ,0.400 ,126
164,原諒,5.8 ,0.980 ,4.2 ,1.470 ,103
165,辱罵,2.4 ,1.020 ,7.0 ,1.673 ,7
166,鬥爭,3.0 ,0.632 ,7.4 ,0.490 ,156
167,情人,6.8 ,0.980 ,6.6 ,0.490 ,79
168,甜心,6.8 ,0.748 ,6.0 ,1.414 ,0
169,責備,3.4 ,0.490 ,6.4 ,0.800 ,33
170,逗弄,5.4 ,1.020 ,5.4 ,1.020 ,7
171,插嘴,3.6 ,0.490 ,5.6 ,1.497 ,9
172,款待,6.2 ,0.400 ,5.4 ,1.356 ,20
173,詛咒,2.2 ,0.980 ,7.4 ,1.020 ,14
174,開玩笑,6.2 ,0.748 ,5.2 ,1.166 ,105
175,閒話,4.0 ,0.632 ,4.4 ,1.356 ,8
176,愛人,7.2 ,0.400 ,6.8 ,1.166 ,34
177,愛戀,7.6 ,0.800 ,6.8 ,0.400 ,11
178,隔離,3.4 ,0.490 ,5.0 ,1.414 ,62
179,嘉獎,6.8 ,0.400 ,5.8 ,0.748 ,4
180,稱讚,6.8 ,0.400 ,6.0 ,0.632 ,79
181,說服,5.0 ,0.632 ,4.2 ,1.470 ,80
182,說長道短,3.2 ,0.400 ,5.0 ,0.894 ,0
183,駁斥,2.8 ,0.748 ,7.2 ,0.400 ,11
184,嘲弄,2.6 ,0.800 ,6.2 ,0.748 ,20
185,嘲笑,2.6 ,0.800 ,6.6 ,0.490 ,28
186,嘲罵,2.6 ,0.800 ,7.4 ,0.800 ,0
187,嘲諷,2.6 ,0.490 ,7.4 ,0.800 ,34
188,寬恕,6.2 ,0.400 ,4.6 ,1.356 ,27
189,慶典,6.6 ,0.490 ,5.6 ,1.497 ,49
190,慶祝,7.0 ,0.000 ,6.4 ,1.200 ,232
191,憐憫,5.8 ,1.166 ,5.0 ,1.414 ,19
192,摯友,7.4 ,0.490 ,5.2 ,1.833 ,0
193,敵人,3.0 ,0.632 ,6.0 ,1.549 ,159
194,樂意,6.8 ,0.400 ,5.4 ,1.625 ,50
195,熱愛,7.2 ,0.400 ,7.0 ,0.632 ,92
196,調情,5.4 ,1.356 ,6.8 ,0.748 ,6
197,諂媚,3.4 ,0.490 ,5.6 ,1.356 ,0
198,親切,7.0 ,0.632 ,5.0 ,1.549 ,127
199,親愛,7.4 ,0.490 ,6.0 ,1.265 ,46
200,親愛的,7.2 ,0.400 ,6.4 ,1.356 ,25
201,幫手,6.4 ,0.490 ,4.8 ,0.980 ,21
202,戲弄,3.4 ,0.490 ,6.2 ,0.980 ,11
203,鍾愛,7.0 ,0.632 ,6.6 ,1.497 ,18
204,歸咎,3.2 ,0.400 ,5.6 ,0.490 ,5
205,離婚,2.4 ,1.020 ,5.8 ,1.327 ,159
206,懷疑,3.8 ,0.400 ,4.4 ,0.490 ,369
207,譏,3.2 ,0.400 ,6.0 ,0.894 ,0
208,寶貝,7.4 ,0.800 ,6.4 ,1.020 ,80
209,饒恕,5.6 ,0.800 ,5.0 ,1.789 ,0
210,譴責,3.0 ,0.632 ,7.2 ,0.400 ,47
211,歡迎,7.2 ,0.400 ,6.4 ,0.800 ,871
212,歡送,6.0 ,0.632 ,6.2 ,1.166 ,8
213,歡聚,7.2 ,0.980 ,6.2 ,1.470 ,0
214,戀人,7.0 ,0.000 ,5.8 ,1.470 ,27
215,戀愛,7.6 ,0.800 ,6.4 ,1.625 ,90
216,讚美,7.0 ,0.632 ,5.6 ,1.855 ,66
217,讚揚,7.6 ,0.490 ,6.6 ,1.855 ,19
218,讚譽,7.6 ,0.490 ,6.8 ,1.720 ,11
219,ㄏㄏ,5.8 ,0.400 ,4.6 ,1.625 ,0
220,一無所有,2.4 ,1.020 ,4.4 ,2.245 ,15
221,七竅生煙,2.2 ,1.166 ,7.8 ,1.166 ,0
222,了不起,7.0 ,1.095 ,6.4 ,0.800 ,127
223,人心惶惶,2.6 ,1.020 ,7.4 ,1.020 ,15
224,上級,4.8 ,0.400 ,4.4 ,1.744 ,123
225,上當,3.2 ,1.166 ,6.2 ,1.720 ,43
226,下定決心,6.2 ,0.748 ,6.8 ,1.600 ,30
227,口吃,3.8 ,0.748 ,4.0 ,1.673 ,19
228,大方,6.4 ,0.490 ,5.2 ,1.166 ,42
229,大笑,6.4 ,1.020 ,6.8 ,0.400 ,97
230,大膽,5.4 ,0.490 ,6.2 ,1.470 ,127
231,小氣,3.6 ,0.490 ,4.6 ,1.356 ,20
232,小偷,3.2 ,0.748 ,5.6 ,1.497 ,28
233,才能,6.6 ,0.800 ,4.6 ,1.356 ,83
234,才智,7.0 ,0.632 ,4.6 ,1.356 ,20
235,不仁,3.0 ,1.095 ,5.8 ,1.166 ,5
236,不貞,2.8 ,0.980 ,6.8 ,1.327 ,0
237,不顧一切,4.6 ,1.020 ,7.8 ,0.980 ,10
238,中斷,4.6 ,0.490 ,3.6 ,1.744 ,54
239,仁心,7.4 ,0.490 ,5.2 ,2.315 ,0
240,仁術,7.4 ,0.490 ,5.0 ,2.280 ,0
241,仁愛,7.8 ,0.400 ,5.2 ,2.638 ,34
242,仁慈,7.8 ,0.748 ,5.2 ,2.638 ,7
243,仁義,7.4 ,0.490 ,5.4 ,2.417 ,18
244,仇,2.4 ,1.020 ,6.0 ,0.894 ,21
245,仇殺,1.4 ,0.490 ,8.2 ,0.748 ,0
246,仇視,2.0 ,0.632 ,7.6 ,1.020 ,0
247,元兇,2.2 ,0.748 ,6.4 ,1.960 ,0
248,內疚,3.0 ,1.095 ,5.0 ,2.098 ,20
249,公憤,2.4 ,0.800 ,8.0 ,0.894 ,0
250,凶,2.8 ,1.166 ,7.2 ,0.980 ,18
251,分心,4.0 ,0.632 ,4.4 ,2.417 ,14
252,分手,2.8 ,1.166 ,6.4 ,1.855 ,99
253,分歧,3.2 ,0.748 ,5.6 ,1.625 ,41
254,分紅,6.2 ,0.748 ,4.4 ,1.625 ,6
255,分散,4.4 ,0.800 ,3.8 ,1.470 ,141
256,分裂,3.6 ,0.800 ,5.8 ,2.040 ,114
257,勾引,3.8 ,0.400 ,6.4 ,0.800 ,5
258,厄運,3.0 ,0.632 ,5.8 ,1.470 ,21
259,及時,6.4 ,0.490 ,5.4 ,1.020 ,113
260,反抗,3.6 ,0.800 ,6.6 ,0.800 ,100
261,反叛,2.8 ,0.980 ,6.4 ,2.154 ,24
262,反派,3.2 ,0.400 ,5.0 ,1.673 ,0
263,反感,3.6 ,0.490 ,5.2 ,1.470 ,33
264,反對,3.4 ,0.800 ,6.2 ,1.166 ,644
265,天才,6.8 ,0.400 ,5.4 ,0.800 ,90
266,天堂,7.0 ,0.894 ,5.4 ,1.625 ,116
267,天資,5.8 ,0.748 ,4.4 ,1.744 ,25
268,天賦,6.0 ,0.894 ,4.4 ,1.744 ,40
269,幻想,4.6 ,0.490 ,4.2 ,0.980 ,127
270,引人注目,5.8 ,0.980 ,6.4 ,0.490 ,33
271,引誘,3.8 ,0.748 ,6.4 ,1.020 ,43
272,心灰意冷,2.8 ,0.400 ,3.6 ,1.744 ,11
273,心神不定,3.2 ,0.400 ,6.6 ,0.800 ,0
274,心神不寧,3.2 ,0.400 ,6.8 ,0.748 ,10
275,心情,5.0 ,0.000 ,3.6 ,1.744 ,627
276,心痛,2.6 ,1.020 ,7.2 ,0.980 ,29
277,心愛,7.2 ,0.980 ,6.4 ,1.497 ,44
278,心煩意亂,3.0 ,0.632 ,7.4 ,0.490 ,4
279,心碎,2.2 ,0.748 ,8.0 ,0.894 ,12
280,心酸,2.8 ,0.748 ,6.8 ,1.470 ,16
281,支配,4.6 ,0.490 ,5.2 ,0.748 ,66
282,欠債,3.4 ,0.490 ,4.6 ,1.020 ,0
283,毛骨悚然,2.2 ,1.166 ,8.0 ,0.894 ,8
284,火熱,6.4 ,1.200 ,7.2 ,1.166 ,14
285,世仇,1.8 ,0.748 ,8.2 ,0.400 ,5
286,乏味,3.4 ,0.800 ,3.0 ,1.414 ,25
287,仔細,6.2 ,0.748 ,3.8 ,1.166 ,374
288,充沛,6.6 ,0.490 ,6.0 ,1.095 ,35
289,出色,7.2 ,0.400 ,5.6 ,1.497 ,65
290,功勞,6.8 ,0.748 ,5.4 ,1.960 ,0
291,古怪,4.2 ,0.400 ,4.8 ,0.748 ,18
292,可口,6.4 ,0.490 ,5.8 ,0.980 ,39
293,可怕,3.4 ,0.490 ,6.8 ,0.400 ,201
294,可恥,2.4 ,1.020 ,7.2 ,0.980 ,14
295,可笑,3.0 ,0.632 ,6.6 ,0.800 ,39
296,可悲,2.6 ,0.490 ,6.4 ,1.020 ,21
297,可惡,2.4 ,0.800 ,7.2 ,1.166 ,44
298,可愛,7.0 ,0.632 ,6.2 ,1.166 ,396
299,可鄙,2.4 ,0.800 ,7.4 ,0.800 ,0
300,可憎,2.4 ,0.800 ,7.2 ,1.166 ,4
301,可憐,3.6 ,0.490 ,5.2 ,1.470 ,229
302,可靠,6.8 ,0.748 ,5.2 ,1.327 ,91
303,外向,6.0 ,0.632 ,5.8 ,1.166 ,9
304,外行,3.8 ,0.400 ,4.6 ,1.356 ,14
305,外傷,3.6 ,1.020 ,6.2 ,1.166 ,22
306,失眠,3.0 ,0.894 ,3.6 ,1.855 ,22
307,失控,2.4 ,1.020 ,7.8 ,0.748 ,37
308,失望,3.0 ,0.632 ,5.6 ,1.356 ,211
309,失誤,3.6 ,0.490 ,5.4 ,1.625 ,67
310,平安,7.2 ,0.400 ,3.4 ,1.497 ,142
311,平和,7.0 ,0.632 ,2.8 ,1.720 ,45
312,平庸,4.6 ,0.800 ,3.0 ,1.414 ,6
313,平靜,6.4 ,1.020 ,2.4 ,1.497 ,148
314,平穩,5.8 ,0.400 ,3.4 ,1.356 ,41
315,打仗,3.0 ,0.894 ,7.6 ,0.490 ,44
316,打倒,3.4 ,0.490 ,6.6 ,1.020 ,33
317,打破,4.0 ,0.632 ,6.2 ,1.166 ,261
318,打情罵俏,4.6 ,0.490 ,6.6 ,0.800 ,0
319,打敗,6.2 ,1.166 ,6.0 ,0.894 ,71
320,打擊,4.2 ,0.748 ,6.8 ,1.327 ,137
321,打擾,3.6 ,0.490 ,5.6 ,2.059 ,31
322,打攪,3.6 ,0.490 ,5.6 ,2.059 ,4
323,末日,1.8 ,0.748 ,6.8 ,2.227 ,12
324,正面,6.6 ,0.490 ,4.6 ,1.356 ,226
325,生命力,6.8 ,0.748 ,5.8 ,1.166 ,105
326,生氣,5.4 ,1.625 ,5.8 ,1.470 ,283
327,生氣勃勃,7.0 ,0.000 ,6.8 ,1.600 ,4
328,生病,3.4 ,0.490 ,4.0 ,0.894 ,130
329,生動,6.4 ,0.490 ,5.8 ,0.980 ,119
330,生疏,3.8 ,0.400 ,3.4 ,1.356 ,8
331,生厭,3.4 ,0.490 ,5.8 ,1.166 ,4
332,用力,5.0 ,0.000 ,7.0 ,0.000 ,84
333,目瞪口呆,5.0 ,0.000 ,7.4 ,1.356 ,20
334,矛盾,4.2 ,0.400 ,4.6 ,1.356 ,282
335,丟人,2.8 ,0.400 ,6.0 ,1.095 ,0
336,丟人現眼,2.4 ,0.800 ,6.8 ,0.980 ,0
337,丟下,2.8 ,1.166 ,5.4 ,2.245 ,31
338,丟棄,3.0 ,1.095 ,5.6 ,1.960 ,37
339,丟臉,3.0 ,0.632 ,5.8 ,1.600 ,22
340,交戰,4.0 ,0.632 ,7.4 ,0.800 ,18
341,任性,3.4 ,0.490 ,5.4 ,1.356 ,29
342,兇,3.4 ,0.800 ,7.2 ,0.748 ,58
343,光亮,5.8 ,0.748 ,4.6 ,1.625 ,21
344,光榮,6.8 ,0.400 ,6.2 ,1.166 ,66
345,光輝,6.6 ,0.490 ,5.8 ,1.166 ,60
346,劣,3.0 ,0.894 ,5.0 ,0.632 ,10
347,危,3.2 ,0.980 ,6.6 ,1.020 ,27
348,吃醋,3.6 ,0.490 ,6.6 ,0.800 ,0
349,吃驚,3.8 ,1.166 ,7.8 ,0.400 ,49
350,合宜,6.2 ,0.400 ,4.4 ,1.625 ,18
351,回春,6.2 ,0.400 ,4.8 ,1.600 ,0
352,多情,4.2 ,1.327 ,6.0 ,1.095 ,19
353,多疑,3.8 ,0.400 ,6.0 ,0.632 ,6
354,好玩,6.2 ,0.400 ,5.8 ,1.166 ,145
355,好笑,6.2 ,0.748 ,6.4 ,0.800 ,86
356,好處,6.2 ,0.400 ,5.0 ,1.673 ,305
357,好棒,7.2 ,1.166 ,6.6 ,1.356 ,25
358,好運,6.6 ,0.490 ,5.2 ,1.720 ,12
359,妄想,3.2 ,0.748 ,6.0 ,1.414 ,14
360,安全,6.4 ,0.490 ,4.4 ,1.200 ,1006
361,安逸,6.0 ,0.632 ,3.4 ,1.497 ,9
362,安寧,6.2 ,0.748 ,2.8 ,1.327 ,58
363,安靜,5.6 ,0.800 ,2.4 ,1.497 ,118
364,安穩,6.0 ,0.632 ,2.6 ,1.625 ,19
365,成見,3.8 ,0.400 ,5.2 ,1.327 ,44
366,成就,7.0 ,0.000 ,6.2 ,1.470 ,374
367,收穫,6.8 ,0.400 ,5.6 ,1.497 ,153
368,曲解,3.4 ,0.490 ,6.0 ,1.414 ,7
369,有力,6.0 ,0.894 ,6.0 ,0.894 ,96
370,有用,6.4 ,0.490 ,5.2 ,1.327 ,155
371,有利,5.8 ,0.980 ,5.4 ,1.356 ,168
372,有助,6.4 ,0.490 ,5.2 ,1.600 ,36
373,有害,3.4 ,0.490 ,5.6 ,1.020 ,49
374,有效,6.6 ,0.800 ,5.0 ,1.549 ,790
375,有益,6.6 ,0.800 ,5.0 ,1.549 ,57
376,有趣,7.0 ,0.632 ,5.6 ,1.497 ,394
377,有錢,6.4 ,0.490 ,5.4 ,1.855 ,164
378,次要,4.6 ,0.490 ,5.0 ,1.095 ,29
379,次等,4.0 ,0.000 ,4.6 ,0.800 ,7
380,死人,2.2 ,0.748 ,7.0 ,1.414 ,31
381,死亡,2.2 ,0.748 ,6.8 ,1.470 ,397
382,死不,3.8 ,1.304 ,5.6 ,0.894 ,0
383,死心,2.4 ,0.490 ,5.8 ,2.227 ,14
384,死刑,2.4 ,1.020 ,7.2 ,1.327 ,37
385,死氣,3.0 ,0.632 ,5.8 ,1.720 ,0
386,死期,2.8 ,1.166 ,6.6 ,1.625 ,0
387,死當,3.0 ,1.095 ,6.4 ,1.497 ,0
388,死路,3.2 ,0.980 ,5.0 ,1.673 ,0
389,死對頭,2.6 ,1.356 ,7.4 ,1.020 ,6
390,污穢,2.4 ,1.200 ,7.2 ,0.980 ,15
391,灰心,3.6 ,0.490 ,4.6 ,1.356 ,36
392,百感交集,3.4 ,1.020 ,7.2 ,0.980 ,6
393,自大,3.0 ,0.632 ,6.6 ,1.497 ,31
394,自甘墮落,2.6 ,0.800 ,5.2 ,1.939 ,7
395,自由,6.6 ,0.490 ,5.2 ,1.939 ,674
396,自在,6.8 ,0.748 ,4.6 ,2.245 ,141
397,自私,3.2 ,0.748 ,4.6 ,0.800 ,74
398,自卑,2.6 ,0.800 ,3.8 ,1.470 ,47
399,自信,7.0 ,0.632 ,5.6 ,1.020 ,98
400,自負,4.6 ,1.200 ,6.0 ,1.095 ,14
401,自責,3.6 ,0.800 ,5.2 ,1.166 ,19
402,自尊,5.4 ,0.490 ,4.8 ,1.600 ,47
403,自豪,6.6 ,0.490 ,6.0 ,0.894 ,45
404,自鳴得意,4.2 ,0.400 ,5.0 ,1.897 ,0
405,自暴自棄,2.0 ,0.894 ,7.0 ,2.098 ,17
406,至高無上,7.6 ,1.200 ,6.8 ,1.470 ,12
407,至善,7.6 ,0.800 ,6.0 ,2.191 ,12
408,色情,2.8 ,0.980 ,6.2 ,1.720 ,120
409,伶俐,6.8 ,0.748 ,5.0 ,1.673 ,10
410,低沉,4.6 ,0.490 ,3.4 ,1.855 ,12
411,低能,2.6 ,0.800 ,4.6 ,1.855 ,0
412,低能兒,2.6 ,1.020 ,4.8 ,1.600 ,0
413,低迷,3.6 ,0.800 ,3.2 ,1.470 ,59
414,低落,3.8 ,0.400 ,3.0 ,1.414 ,63
415,佔便宜,3.6 ,0.490 ,4.4 ,1.356 ,6
416,作嘔,2.6 ,1.020 ,7.4 ,1.020 ,4
417,作弊,2.0 ,1.095 ,6.4 ,1.497 ,47
418,克制,5.0 ,0.632 ,5.0 ,1.673 ,27
419,免費,6.2 ,1.166 ,4.8 ,2.135 ,332
420,冷,3.6 ,1.020 ,4.4 ,0.800 ,263
421,冷淡,3.0 ,0.632 ,3.6 ,0.800 ,28
422,冷酷,2.4 ,1.020 ,5.4 ,1.855 ,19
423,冷靜,5.2 ,0.400 ,4.4 ,2.245 ,123
424,利己,5.6 ,1.020 ,4.8 ,0.980 ,12
425,利益,6.2 ,0.748 ,5.0 ,1.673 ,578
426,利潤,6.6 ,0.800 ,5.4 ,1.625 ,199
427,吝嗇,3.4 ,0.800 ,4.6 ,1.020 ,15
428,含糊,3.8 ,0.400 ,4.2 ,0.980 ,35
429,吹毛求疵,3.2 ,0.400 ,5.6 ,0.800 ,4
430,吻,7.2 ,0.980 ,7.6 ,0.800 ,34
431,呆,3.8 ,0.748 ,3.8 ,1.600 ,49
432,困,3.8 ,0.748 ,4.4 ,1.497 ,20
433,坎坷,2.0 ,0.632 ,4.8 ,2.561 ,29
434,壯闊,6.8 ,0.748 ,6.0 ,1.549 ,13
435,壯麗,7.0 ,0.632 ,6.4 ,1.744 ,42
436,壯觀,7.0 ,0.632 ,6.8 ,1.327 ,96
437,妓女,2.8 ,0.980 ,4.8 ,1.327 ,47
438,妨害,2.6 ,1.020 ,6.2 ,0.748 ,77
439,妨礙,3.2 ,0.748 ,5.8 ,1.166 ,62
440,孝,7.2 ,1.166 ,4.0 ,1.265 ,18
441,孝順,7.4 ,1.020 ,5.4 ,1.625 ,90
442,孝敬,7.4 ,1.020 ,5.4 ,1.020 ,9
443,完美,7.6 ,0.800 ,6.4 ,1.744 ,171
444,完備,6.8 ,0.748 ,4.8 ,0.980 ,62
445,完善,6.8 ,0.748 ,4.6 ,1.356 ,162
446,宏大,7.0 ,0.632 ,6.0 ,0.894 ,10
447,宏偉,7.2 ,0.980 ,7.0 ,0.632 ,40
448,屁眼,1.8 ,1.166 ,5.6 ,1.356 ,0
449,岔開,4.0 ,1.095 ,4.2 ,1.720 ,4
450,巫婆,3.6 ,0.800 ,5.0 ,1.265 ,32
451,庇護,6.2 ,1.166 ,5.6 ,0.490 ,32
452,弄痛,3.0 ,1.265 ,6.4 ,1.497 ,0
453,弄壞,3.2 ,0.748 ,6.0 ,1.673 ,12
454,忍,3.8 ,0.748 ,5.0 ,1.673 ,65
455,忐忑,3.8 ,0.748 ,6.8 ,0.748 ,5
456,忘恩負義,1.8 ,1.166 ,7.8 ,0.980 ,5
457,快樂,7.2 ,0.400 ,6.4 ,0.800 ,942
458,扭曲,3.6 ,0.800 ,5.2 ,1.600 ,103
459,扶持,6.0 ,1.549 ,4.2 ,1.166 ,38
460,批判,2.6 ,0.490 ,6.8 ,0.400 ,127
461,把握,5.8 ,0.400 ,4.6 ,1.020 ,135
462,抑制,4.8 ,1.166 ,5.4 ,1.855 ,91
463,抑鬱,2.4 ,0.800 ,5.8 ,1.939 ,12
464,投入,6.0 ,0.894 ,5.2 ,1.833 ,506
465,抗爭,3.4 ,1.200 ,7.2 ,0.748 ,101
466,折磨,2.4 ,0.490 ,7.0 ,1.095 ,27
467,改善,6.6 ,0.490 ,5.2 ,1.327 ,978
468,改進,6.2 ,0.748 ,4.6 ,1.855 ,304
469,攻勢,5.2 ,0.400 ,6.4 ,1.200 ,77
470,攻擊,3.6 ,1.020 ,7.4 ,1.200 ,341
471,決心,6.4 ,0.490 ,6.6 ,1.020 ,148
472,決定,6.0 ,1.095 ,7.0 ,0.894 ,1710
473,沉重,3.2 ,0.400 ,5.8 ,0.980 ,54
474,沉迷,3.0 ,0.000 ,5.2 ,1.470 ,13
475,沉著,6.4 ,1.020 ,3.2 ,1.166 ,10
476,災,2.0 ,0.894 ,5.6 ,1.744 ,44
477,牢騷,3.4 ,0.490 ,6.2 ,0.980 ,18
478,狂怒,1.6 ,0.490 ,8.6 ,0.490 ,4
479,狂笑,8.2 ,0.400 ,8.2 ,0.400 ,5
480,狂喜,8.6 ,0.490 ,8.8 ,0.400 ,5
481,狂暴,1.8 ,0.748 ,8.8 ,0.400 ,0
482,狂熱,4.6 ,1.356 ,8.8 ,0.400 ,39
483,狂躁,2.2 ,0.748 ,8.8 ,0.400 ,0
484,私生子,3.2 ,0.748 ,4.0 ,1.265 ,0
485,肝腸寸斷,1.6 ,0.800 ,8.0 ,1.549 ,0
486,良,6.4 ,0.490 ,4.8 ,1.600 ,25
487,走運,7.0 ,0.632 ,5.8 ,1.327 ,0
488,辛酸,2.8 ,0.748 ,6.0 ,1.414 ,29
489,邪惡,2.4 ,0.800 ,6.6 ,1.356 ,29
490,享受,6.6 ,0.490 ,4.8 ,1.327 ,523
491,佳,6.4 ,0.490 ,4.6 ,0.800 ,309
492,使勁,4.6 ,1.356 ,6.4 ,0.800 ,22
493,依戀,5.6 ,1.356 ,5.6 ,1.855 ,13
494,典範,7.2 ,0.748 ,5.4 ,1.625 ,63
495,刺眼,3.2 ,0.748 ,5.6 ,2.059 ,10
496,刺痛,2.8 ,0.980 ,6.6 ,1.497 ,9
497,刺傷,2.8 ,1.166 ,7.0 ,1.265 ,12
498,刺激,4.2 ,1.166 ,8.0 ,0.632 ,183
499,刻薄,2.8 ,0.748 ,6.6 ,1.020 ,10
500,卑劣,2.0 ,0.632 ,8.0 ,0.632 ,0
501,卑鄙,1.8 ,0.748 ,8.2 ,0.748 ,4
502,受不了,3.0 ,0.632 ,7.4 ,0.800 ,100
503,受苦,3.0 ,0.632 ,6.0 ,0.894 ,40
504,受虐,1.8 ,0.400 ,8.0 ,0.632 ,11
505,受害,1.8 ,0.748 ,7.8 ,0.748 ,87
506,受惠,7.0 ,0.000 ,5.4 ,1.020 ,31
507,受傷,2.8 ,0.748 ,5.4 ,1.020 ,186
508,受罪,2.8 ,0.400 ,6.8 ,0.400 ,8
509,受騙,3.0 ,0.632 ,6.4 ,1.020 ,43
510,周到,6.6 ,0.490 ,4.4 ,1.200 ,23
511,呵呵,6.0 ,0.632 ,4.6 ,1.855 ,18
512,呼天搶地,1.8 ,0.748 ,8.8 ,0.400 ,5
513,命運,4.8 ,0.400 ,4.4 ,1.744 ,293
514,咆嘯,3.6 ,1.356 ,8.0 ,0.632 ,0
515,和平,6.4 ,0.800 ,3.2 ,1.600 ,327
516,和善,7.0 ,0.000 ,3.0 ,1.095 ,16
517,和煦,6.8 ,0.400 ,4.0 ,1.265 ,8
518,和睦,6.6 ,1.020 ,4.2 ,1.470 ,19
519,和諧,7.2 ,0.748 ,3.4 ,1.356 ,216
520,和藹,7.4 ,0.490 ,3.4 ,1.356 ,17
521,咒罵,2.4 ,0.490 ,7.4 ,0.490 ,16
522,固執,3.4 ,0.490 ,5.4 ,1.960 ,41
523,坦率,6.6 ,0.490 ,4.6 ,1.497 ,14
524,坦誠,7.0 ,0.000 ,4.2 ,1.470 ,25
525,奇怪,4.2 ,0.400 ,5.2 ,0.400 ,362
526,奇特,5.4 ,0.490 ,5.4 ,0.490 ,71
527,孤,3.4 ,0.490 ,4.6 ,1.497 ,20
528,宜人,6.4 ,0.490 ,3.8 ,1.327 ,27
529,幸運,7.2 ,0.748 ,5.4 ,0.490 ,166
530,幸福,7.8 ,0.748 ,4.0 ,2.191 ,338
531,忠,7.0 ,0.632 ,5.4 ,0.800 ,47
532,忠心,7.4 ,0.490 ,6.2 ,1.166 ,12
533,忠孝,7.4 ,1.200 ,5.8 ,1.166 ,38
534,忠誠,7.2 ,1.166 ,5.8 ,1.470 ,29
535,忠實,7.0 ,1.265 ,5.8 ,1.470 ,59
536,忽略,4.0 ,0.000 ,3.8 ,1.600 ,261
537,忽視,3.2 ,0.400 ,4.8 ,1.600 ,152
538,怕,3.2 ,0.748 ,6.4 ,0.800 ,927
539,怕生,4.0 ,0.000 ,5.2 ,0.748 ,0
540,怕羞,4.2 ,0.400 ,5.4 ,1.356 ,4
541,怡人,6.0 ,0.000 ,4.2 ,1.600 ,5
542,性情,5.2 ,0.400 ,4.4 ,1.744 ,71
543,性騷擾,2.6 ,0.490 ,6.6 ,1.497 ,27
544,怪,3.4 ,0.490 ,4.8 ,1.470 ,111
545,怪異,3.6 ,0.490 ,5.0 ,1.414 ,41
546,怪誕,3.4 ,0.490 ,5.8 ,1.166 ,6
547,承擔,5.2 ,1.166 ,5.4 ,1.356 ,106
548,承諾,6.6 ,0.490 ,5.2 ,1.833 ,61
549,抨擊,2.8 ,0.748 ,7.2 ,0.748 ,60
550,抱歉,4.0 ,0.632 ,3.8 ,0.980 ,50
551,抵制,3.2 ,0.748 ,6.6 ,0.800 ,45
552,拉�,5.2 ,0.400 ,5.6 ,0.800 ,0
553,拋棄,2.6 ,0.490 ,5.8 ,1.470 ,48
554,拙劣,2.6 ,0.800 ,6.2 ,1.720 ,0
555,放任,3.0 ,0.632 ,6.2 ,1.470 ,32
556,放棄,2.6 ,0.490 ,5.8 ,2.135 ,419
557,放肆,2.4 ,0.490 ,7.8 ,0.400 ,11
558,放縱,2.8 ,0.748 ,6.8 ,1.166 ,34
559,放鬆,6.2 ,0.748 ,2.0 ,0.894 ,78
560,昂貴,3.8 ,0.400 ,4.4 ,1.356 ,128
561,明亮,6.6 ,0.490 ,4.0 ,1.265 ,121
562,明智,7.2 ,0.400 ,4.4 ,1.625 ,20
563,昏沉,3.2 ,0.400 ,3.4 ,1.855 ,25
564,昏亂,3.4 ,0.490 ,5.2 ,1.327 ,0
565,昏頭,3.4 ,0.490 ,4.8 ,1.327 ,0
566,易怒,3.2 ,0.980 ,6.6 ,1.020 ,0
567,服從,5.4 ,0.490 ,3.8 ,1.470 ,53
568,枉然,3.4 ,0.490 ,4.2 ,1.600 ,5
569,果斷,6.0 ,0.632 ,6.0 ,0.632 ,15
570,欣欣,6.4 ,0.800 ,6.4 ,1.356 ,5
571,欣喜,7.0 ,0.632 ,7.0 ,0.632 ,24
572,欣然,6.4 ,0.490 ,6.2 ,1.327 ,28
573,欣慰,6.2 ,0.400 ,4.6 ,1.200 ,48
574,欣賞,6.8 ,0.400 ,5.6 ,1.020 ,589
575,歧視,2.8 ,0.400 ,6.8 ,0.748 ,137
576,沮喪,2.8 ,0.748 ,5.2 ,1.833 ,62
577,治療,5.4 ,1.020 ,3.8 ,1.833 ,432
578,沾沾自喜,4.6 ,1.200 ,6.0 ,1.095 ,13
579,泣,3.4 ,0.490 ,5.0 ,1.095 ,4
580,玩耍,6.2 ,0.748 ,5.8 ,1.470 ,40
581,玩笑,5.6 ,1.200 ,6.0 ,0.894 ,33
582,玩樂,6.2 ,1.327 ,6.6 ,0.490 ,26
583,知足,6.6 ,0.490 ,4.2 ,1.939 ,19
584,知識,6.6 ,1.020 ,3.4 ,1.855 ,917
585,空洞,4.0 ,0.632 ,3.2 ,1.166 ,33
586,空虛,3.0 ,0.632 ,4.2 ,1.166 ,50
587,花招,4.0 ,0.632 ,4.8 ,0.748 ,17
588,長處,6.8 ,0.400 ,4.8 ,1.470 ,32
589,非人,3.4 ,1.020 ,5.8 ,0.748 ,11
590,非禮,2.2 ,0.400 ,7.6 ,0.490 ,7
591,非難,3.2 ,0.400 ,5.6 ,0.800 ,0
592,侵犯,2.4 ,0.490 ,6.2 ,2.227 ,97
593,侵佔,2.6 ,0.490 ,6.6 ,1.855 ,26
594,侵害,2.4 ,0.490 ,7.2 ,0.748 ,142
595,侵略,2.4 ,0.490 ,7.8 ,0.748 ,104
596,侵擾,3.0 ,0.000 ,6.8 ,0.400 ,11
597,侵襲,2.6 ,0.490 ,7.8 ,0.400 ,41
598,侷促,4.0 ,0.000 ,5.6 ,1.497 ,10
599,俊美,6.6 ,0.490 ,4.6 ,1.356 ,6
600,俗,3.8 ,0.748 ,4.6 ,0.490 ,19
601,俗氣,3.8 ,0.400 ,4.4 ,0.800 ,10
602,保衛,5.8 ,0.400 ,6.4 ,0.490 ,41
603,保證,6.6 ,0.490 ,6.2 ,0.980 ,202
604,保護,6.8 ,0.980 ,6.8 ,0.400 ,893
605,信心,7.4 ,0.800 ,5.4 ,0.490 ,419
606,信奉,6.6 ,0.800 ,5.2 ,1.327 ,30
607,信義,7.0 ,0.632 ,5.4 ,0.800 ,36
608,信實,6.6 ,0.490 ,4.8 ,0.980 ,7
609,信譽,7.0 ,0.000 ,5.4 ,1.625 ,16
610,冒險,4.8 ,0.980 ,7.6 ,0.490 ,77
611,冠軍,8.0 ,0.000 ,7.4 ,0.490 ,245
612,勇氣,7.6 ,0.800 ,6.8 ,0.980 ,223
613,勇敢,7.4 ,0.800 ,6.6 ,0.490 ,111
614,勉強,3.8 ,0.748 ,5.0 ,0.894 ,130
615,叛亂,2.4 ,0.490 ,7.8 ,0.400 ,45
616,咬牙切齒,2.2 ,0.748 ,8.2 ,0.400 ,12
617,咯咯笑,6.4 ,0.490 ,5.8 ,1.166 ,0
618,哀求,2.8 ,0.400 ,5.6 ,1.497 ,29
619,哀怨,2.8 ,0.748 ,6.0 ,1.549 ,14
620,哀淒,2.6 ,0.800 ,5.6 ,2.154 ,0
621,哀痛,2.4 ,0.490 ,6.6 ,1.356 ,4
622,哀傷,2.4 ,0.490 ,5.4 ,1.960 ,24
623,哀愁,2.4 ,0.490 ,5.4 ,2.059 ,17
624,哀號,2.0 ,0.000 ,7.4 ,0.490 ,7
625,哀慟,1.8 ,0.400 ,7.6 ,0.490 ,0
626,品行,5.4 ,0.800 ,4.6 ,1.356 ,5
627,品德,5.2 ,0.400 ,4.2 ,1.720 ,38
628,哄騙,3.4 ,0.490 ,5.6 ,1.200 ,5
629,哈,5.8 ,0.748 ,5.2 ,1.327 ,294
630,哈哈,6.6 ,1.356 ,6.0 ,0.894 ,135
631,威脅,3.0 ,0.632 ,7.4 ,0.490 ,195
632,威嚴,5.4 ,1.020 ,5.4 ,0.490 ,19
633,帥,6.6 ,0.490 ,5.2 ,1.327 ,26
634,帥氣,7.0 ,0.632 ,6.0 ,1.265 ,17
635,幽默,7.0 ,0.000 ,5.6 ,1.960 ,112
636,後悔,3.2 ,0.748 ,4.2 ,2.400 ,102
637,怒,2.4 ,1.020 ,7.2 ,0.980 ,68
638,怒不,3.8 ,0.837 ,5.8 ,1.095 ,0
639,怒火,2.4 ,0.490 ,7.6 ,0.800 ,10
640,怒斥,2.0 ,0.632 ,8.6 ,0.490 ,0
641,怒目,2.6 ,0.490 ,8.0 ,0.632 ,0
642,怒色,2.8 ,0.400 ,7.4 ,1.020 ,0
643,怒吼,2.0 ,0.894 ,8.8 ,0.400 ,11
644,怒氣,2.4 ,0.490 ,7.8 ,0.400 ,22
645,怒視,2.4 ,0.490 ,8.0 ,0.632 ,0
646,怒罵,1.8 ,0.748 ,8.8 ,0.400 ,0
647,思,4.4 ,0.800 ,4.8 ,0.980 ,75
648,思念,4.4 ,1.020 ,4.4 ,1.625 ,40
649,思鄉,3.8 ,0.748 ,5.8 ,0.748 ,15
650,恍惚,3.8 ,0.400 ,3.8 ,1.470 ,25
651,恨,2.4 ,0.800 ,7.2 ,0.980 ,108
652,恬,5.4 ,0.800 ,3.6 ,2.154 ,0
653,恰當,6.0 ,0.632 ,4.2 ,1.470 ,77
654,拮据,3.2 ,0.400 ,3.8 ,1.470 ,17
655,拯救,6.4 ,0.800 ,6.6 ,1.020 ,47
656,拷打,2.6 ,0.800 ,7.6 ,0.490 ,0
657,拷問,2.8 ,0.748 ,7.0 ,0.000 ,0
658,拼命,5.2 ,0.980 ,7.6 ,0.490 ,58
659,挑剔,3.8 ,0.748 ,5.4 ,1.356 ,39
660,挑戰,6.2 ,0.748 ,6.8 ,0.400 ,300
661,挑釁,3.2 ,0.400 ,6.8 ,0.400 ,22
662,挖苦,3.4 ,0.490 ,5.8 ,0.748 ,0
663,柔,5.2 ,0.400 ,3.0 ,1.673 ,23
664,柔軟,5.8 ,0.400 ,3.4 ,1.020 ,61
665,柔順,5.8 ,0.400 ,3.2 ,1.166 ,10
666,柔腸寸斷,1.8 ,0.748 ,7.8 ,0.748 ,0
667,歪曲,3.6 ,0.490 ,4.0 ,1.414 ,0
668,毒,2.8 ,0.748 ,5.8 ,0.980 ,102
669,洩氣,3.6 ,0.490 ,3.6 ,1.625 ,15
670,活力,6.6 ,0.490 ,6.2 ,0.980 ,187
671,活潑,6.8 ,0.400 ,6.4 ,0.800 ,260
672,活躍,6.4 ,0.800 ,7.6 ,0.800 ,66
673,流行,5.6 ,0.490 ,5.2 ,0.400 ,501
674,流淚,3.2 ,0.748 ,5.4 ,1.960 ,0
675,炫耀,3.8 ,0.400 ,6.0 ,0.894 ,44
676,為難,3.4 ,0.490 ,4.8 ,1.327 ,44
677,狠心,2.4 ,0.490 ,7.4 ,0.490 ,12
678,珍奇,6.8 ,0.400 ,5.8 ,1.470 ,14
679,珍惜,7.0 ,0.632 ,5.0 ,1.673 ,139
680,珍視,7.0 ,0.632 ,5.2 ,1.939 ,9
681,珍貴,7.0 ,0.632 ,5.4 ,1.356 ,174
682,珍愛,7.2 ,0.748 ,6.0 ,1.789 ,4
683,珍藏,6.6 ,0.800 ,5.4 ,2.245 ,27
684,盼望,6.2 ,1.327 ,5.4 ,1.855 ,77
685,看不起,3.2 ,0.748 ,6.0 ,1.095 ,30
686,約束,4.6 ,0.490 ,4.6 ,1.356 ,84
687,美人,6.0 ,0.632 ,5.4 ,1.855 ,40
688,美好,6.8 ,0.400 ,5.6 ,1.356 ,275
689,美妙,7.0 ,0.632 ,6.2 ,1.600 ,57
690,美味,6.8 ,0.748 ,5.6 ,1.020 ,43
691,美夢,6.8 ,0.748 ,5.8 ,2.040 ,0
692,美滿,7.4 ,0.490 ,6.4 ,1.744 ,51
693,美德,7.4 ,1.020 ,5.2 ,2.315 ,47
694,美麗,7.2 ,0.400 ,5.8 ,2.135 ,656
695,背叛,2.0 ,0.632 ,8.0 ,0.894 ,26
696,胡扯,3.0 ,0.632 ,7.6 ,0.490 ,8
697,致命,2.0 ,0.632 ,7.8 ,0.748 ,48
698,苛求,3.0 ,0.632 ,6.6 ,1.020 ,13
699,若無其事,4.0 ,0.632 ,4.6 ,1.855 ,9
700,苦,3.2 ,0.748 ,4.6 ,1.356 ,310
701,苦惱,3.2 ,0.400 ,5.0 ,1.673 ,45
702,英俊,6.6 ,0.800 ,4.4 ,2.059 ,33
703,英勇,7.0 ,0.632 ,6.6 ,0.800 ,34
704,英雄,7.6 ,0.800 ,7.0 ,1.414 ,242
705,虐待,2.2 ,0.400 ,7.4 ,0.800 ,55
706,負心,2.4 ,0.490 ,6.2 ,2.227 ,0
707,負債,3.2 ,0.400 ,6.0 ,1.265 ,21
708,負擔,3.6 ,0.490 ,5.2 ,1.166 ,245
709,迫害,2.2 ,0.748 ,7.4 ,0.490 ,50
710,重大,4.8 ,0.400 ,7.2 ,0.748 ,450
711,重擔,3.8 ,0.748 ,7.2 ,0.400 ,29
712,陌生,4.0 ,0.632 ,3.8 ,1.166 ,123
713,降級,3.6 ,0.490 ,5.8 ,2.040 ,0
714,面臨,4.8 ,0.400 ,5.8 ,1.470 ,641
715,風險,3.8 ,0.748 ,6.4 ,1.200 ,197
716,首要,5.2 ,0.400 ,5.0 ,1.673 ,76
717,首創,5.4 ,0.800 ,5.6 ,2.059 ,37
718,倒楣,3.2 ,0.748 ,5.4 ,1.356 ,43
719,倒霉,3.2 ,0.748 ,5.4 ,1.356 ,11
720,倔強,4.2 ,1.166 ,6.4 ,0.800 ,17
721,值得,6.4 ,0.800 ,5.6 ,1.356 ,957
722,值錢,6.2 ,0.748 ,5.6 ,1.200 ,22
723,凌亂,3.4 ,0.490 ,6.0 ,0.894 ,31
724,剝奪,3.0 ,0.894 ,6.6 ,1.020 ,39
725,哭泣,2.8 ,0.748 ,6.6 ,0.800 ,38
726,哭喊,2.8 ,0.748 ,7.8 ,0.748 ,4
727,哭訴,2.8 ,0.748 ,6.8 ,0.400 ,12
728,哭鬧,2.8 ,0.748 ,7.4 ,0.490 ,14
729,哽咽,3.0 ,0.894 ,6.4 ,1.020 ,11
730,唐突,3.6 ,0.490 ,5.4 ,1.020 ,0
731,奚落,3.2 ,0.748 ,6.0 ,1.549 ,8
732,娛樂,6.4 ,0.490 ,6.2 ,1.600 ,199
733,害怕,3.2 ,0.400 ,5.6 ,1.497 ,261
734,害羞,4.2 ,1.166 ,4.6 ,1.356 ,62
735,容光煥發,7.2 ,0.400 ,5.0 ,2.098 ,6
736,容忍,3.6 ,1.020 ,5.6 ,1.020 ,58
737,差,3.4 ,0.800 ,4.6 ,1.356 ,519
738,差勁,3.4 ,0.800 ,6.8 ,0.748 ,13
739,弱,3.8 ,0.400 ,4.6 ,1.625 ,127
740,弱點,3.8 ,0.400 ,4.8 ,1.600 ,47
741,徒勞無功,3.4 ,0.490 ,4.4 ,1.356 ,0
742,恐怖,3.0 ,0.632 ,6.8 ,0.400 ,127
743,恐慌,3.0 ,0.632 ,7.0 ,0.894 ,60
744,恐嚇,2.4 ,0.800 ,7.4 ,0.800 ,125
745,恐懼,2.6 ,0.800 ,6.8 ,0.748 ,149
746,恩典,6.8 ,0.400 ,4.6 ,1.356 ,0
747,恩惠,6.4 ,0.490 ,5.0 ,1.673 ,10
748,恭維,5.0 ,0.632 ,4.6 ,1.356 ,11
749,悔之,4.2 ,1.470 ,5.6 ,1.356 ,0
750,悔改,4.0 ,0.894 ,6.0 ,1.549 ,12
751,悔恨,2.8 ,1.166 ,7.4 ,0.490 ,11
752,悔悟,3.2 ,0.980 ,7.0 ,0.632 ,0
753,悔意,3.0 ,0.000 ,5.8 ,0.748 ,0
754,悔過,2.8 ,0.400 ,6.2 ,1.166 ,5
755,挫折,3.0 ,0.632 ,5.0 ,1.897 ,234
756,挫敗,3.0 ,0.632 ,6.8 ,1.166 ,23
757,振奮,7.2 ,0.748 ,7.0 ,0.632 ,30
758,捐贈,6.4 ,0.800 ,5.2 ,1.720 ,69
759,效率,6.2 ,0.980 ,4.8 ,1.600 ,504
760,時髦,6.4 ,0.490 ,5.2 ,1.720 ,54
761,書呆子,3.6 ,0.490 ,4.2 ,1.166 ,7
762,栩栩如生,6.8 ,0.980 ,5.4 ,1.960 ,20
763,氣急敗壞,2.4 ,0.490 ,7.8 ,0.400 ,12
764,氣憤,2.4 ,0.490 ,7.0 ,0.632 ,49
765,氣餒,2.8 ,0.980 ,4.0 ,1.265 ,13
766,浪漫,6.6 ,1.020 ,6.0 ,1.095 ,207
767,消沉,3.4 ,0.490 ,4.2 ,1.720 ,4
768,消極,3.2 ,0.748 ,4.0 ,2.280 ,106
769,消滅,3.6 ,1.020 ,6.0 ,1.265 ,80
770,狹小,3.8 ,0.400 ,4.0 ,1.673 ,47
771,狹隘,3.8 ,0.400 ,4.2 ,1.470 ,32
772,疲乏,3.0 ,0.894 ,3.8 ,1.939 ,13
773,疲於奔R,2.4 ,1.020 ,6.0 ,1.095 ,20
774,疲倦,3.0 ,0.894 ,4.0 ,1.673 ,54
775,疲弱,3.0 ,0.894 ,3.6 ,1.356 ,5
776,疲累,3.0 ,0.894 ,3.6 ,1.356 ,18
777,疲勞,3.0 ,0.894 ,3.8 ,1.166 ,39
778,疲憊,3.0 ,0.894 ,3.6 ,1.356 ,34
779,疼痛,3.4 ,0.490 ,6.0 ,0.894 ,75
780,疼愛,7.0 ,0.894 ,6.4 ,1.200 ,27
781,益處,6.6 ,0.490 ,5.2 ,1.327 ,24
782,真心,7.0 ,0.894 ,5.6 ,2.059 ,44
783,真相,6.4 ,1.020 ,5.4 ,1.497 ,119
784,真理,6.4 ,1.020 ,5.6 ,1.744 ,191
785,真誠,7.0 ,0.632 ,5.0 ,1.095 ,75
786,真實,6.0 ,0.894 ,4.6 ,1.356 ,322
787,破滅,3.0 ,0.632 ,7.0 ,1.095 ,17
788,破壞,2.8 ,0.748 ,6.8 ,0.980 ,517
789,祝賀,7.0 ,0.632 ,6.2 ,1.166 ,27
790,祝福,6.6 ,0.490 ,5.8 ,1.470 ,67
791,神經病,2.8 ,0.748 ,6.4 ,1.020 ,17
792,神經質,3.2 ,0.400 ,5.6 ,1.497 ,21
793,神聖,7.2 ,0.748 ,5.0 ,1.673 ,66
794,笑,6.8 ,0.748 ,5.8 ,0.980 ,683
795,笑死,5.4 ,1.960 ,7.0 ,0.894 ,10
796,笑容,7.2 ,0.980 ,5.2 ,1.720 ,135
797,笑話,5.8 ,0.748 ,4.8 ,1.600 ,124
798,紛爭,3.0 ,0.632 ,6.6 ,1.020 ,53
799,缺少,3.6 ,0.490 ,4.4 ,1.200 ,118
800,缺乏,3.4 ,0.490 ,4.6 ,1.356 ,768
801,缺失,3.6 ,0.490 ,4.4 ,1.744 ,94
802,缺陷,3.0 ,0.632 ,4.6 ,1.855 ,57
803,缺德,2.8 ,0.748 ,6.8 ,1.166 ,7
804,缺憾,2.6 ,0.800 ,6.2 ,2.227 ,29
805,缺點,3.6 ,0.490 ,4.6 ,1.356 ,249
806,能幹,6.8 ,0.748 ,6.0 ,1.549 ,55
807,脅迫,2.6 ,0.490 ,7.2 ,0.400 ,20
808,脆弱,3.4 ,0.490 ,4.6 ,1.744 ,59
809,臭,3.8 ,0.400 ,4.6 ,1.625 ,86
810,臭味,3.8 ,0.400 ,5.0 ,1.673 ,9
811,臭氣,3.6 ,0.490 ,5.4 ,1.855 ,9
812,茫然,3.4 ,0.800 ,3.4 ,1.744 ,46
813,草率,3.4 ,0.800 ,4.8 ,1.327 ,32
814,荒唐,2.8 ,0.748 ,6.8 ,0.400 ,31
815,荒謬,2.6 ,1.020 ,7.2 ,0.748 ,68
816,虔誠,6.6 ,0.800 ,5.4 ,1.855 ,54
817,衰,3.6 ,0.490 ,4.2 ,1.166 ,43
818,衰老,3.4 ,0.490 ,4.2 ,1.470 ,19
819,衰弱,3.2 ,0.400 ,5.0 ,2.098 ,26
820,衰退,3.2 ,0.400 ,5.0 ,1.789 ,75
821,衰敗,3.0 ,0.632 ,6.2 ,2.227 ,23
822,衰微,3.2 ,0.400 ,4.8 ,1.470 ,6
823,衷心,6.6 ,0.490 ,5.4 ,1.356 ,33
824,討喜,6.8 ,0.400 ,6.0 ,1.095 ,5
825,迴避,3.6 ,0.490 ,5.0 ,1.673 ,47
826,迷人,6.8 ,0.400 ,6.2 ,1.166 ,96
827,迷失,3.4 ,0.490 ,4.6 ,1.356 ,40
828,迷惘,3.4 ,0.490 ,5.0 ,2.098 ,25
829,迷惑,3.4 ,0.490 ,4.6 ,1.020 ,47
830,迷亂,3.2 ,1.166 ,6.2 ,0.748 ,4
831,迷路,4.2 ,0.980 ,5.2 ,1.833 ,18
832,迷戀,4.4 ,1.020 ,6.2 ,1.720 ,15
833,逃離,4.0 ,0.000 ,6.2 ,0.980 ,27
834,逆向,4.0 ,1.095 ,4.4 ,2.059 ,11
835,高貴,6.6 ,0.800 ,4.0 ,1.414 ,48
836,高階,5.8 ,0.748 ,3.8 ,1.939 ,141
837,高雅,7.0 ,0.632 ,4.0 ,1.789 ,28
838,高傲,3.2 ,0.980 ,6.0 ,1.549 ,8
839,高興,7.0 ,0.632 ,6.6 ,1.020 ,668
840,假裝,4.2 ,0.748 ,4.6 ,0.490 ,46
841,偉大,7.2 ,0.748 ,6.6 ,1.356 ,259
842,偏心,3.2 ,0.400 ,5.4 ,1.356 ,14
843,偏好,5.2 ,0.400 ,4.0 ,1.789 ,51
844,偏見,3.4 ,0.490 ,5.6 ,0.490 ,41
845,偏執,3.6 ,0.800 ,5.6 ,1.855 ,10
846,偏愛,5.0 ,0.632 ,4.8 ,1.327 ,31
847,偷,2.4 ,0.800 ,5.0 ,1.673 ,110
848,偷取,2.4 ,0.800 ,6.4 ,1.020 ,4
849,偷竊,2.4 ,0.800 ,7.0 ,1.414 ,38
850,偽造,2.6 ,0.800 ,6.0 ,0.894 ,51
851,動人,6.8 ,0.400 ,6.2 ,0.748 ,101
852,動聽,7.0 ,0.632 ,6.6 ,1.200 ,22
853,啜泣,3.0 ,0.632 ,6.8 ,0.748 ,9
854,執拗,3.6 ,0.490 ,6.0 ,0.632 ,4
855,堅決,5.4 ,0.490 ,6.2 ,1.327 ,88
856,堅定,6.2 ,0.980 ,6.4 ,1.497 ,108
857,堅強,6.8 ,0.748 ,6.2 ,1.327 ,97
858,娼妓,2.8 ,0.980 ,5.8 ,1.600 ,5
859,寂寞,3.2 ,0.400 ,4.6 ,2.059 ,196
860,寂寥,3.2 ,0.748 ,2.4 ,1.200 ,12
861,崇拜,6.4 ,0.800 ,6.8 ,0.748 ,206
862,崇高,7.2 ,0.748 ,6.4 ,1.497 ,46
863,強,6.4 ,0.490 ,5.4 ,1.356 ,669
864,強力,6.2 ,0.748 ,6.4 ,1.356 ,80
865,強壯,6.8 ,0.748 ,5.4 ,1.020 ,52
866,強姦,1.4 ,0.800 ,8.4 ,0.800 ,15
867,強迫,2.8 ,0.748 ,7.4 ,0.800 ,109
868,強烈,4.8 ,0.400 ,7.8 ,0.748 ,452
869,強健,6.6 ,0.490 ,6.4 ,1.200 ,24
870,強硬,4.8 ,1.166 ,7.0 ,1.265 ,50
871,強暴犯,1.4 ,0.800 ,8.6 ,0.800 ,0
872,得意,5.8 ,0.980 ,5.4 ,1.356 ,151
873,得意洋洋,4.6 ,0.800 ,6.6 ,1.020 ,7
874,得罪,3.2 ,0.400 ,5.6 ,1.356 ,60
875,得體,6.2 ,0.748 ,4.6 ,1.020 ,12
876,徘徊,4.6 ,0.490 ,4.6 ,0.800 ,67
877,從容,5.8 ,0.748 ,3.4 ,1.020 ,46
878,悠閒,6.4 ,0.490 ,2.6 ,1.497 ,52
879,患病,2.8 ,0.980 ,4.8 ,1.600 ,11
880,情緒,4.6 ,0.800 ,5.4 ,0.800 ,526
881,惋惜,3.0 ,0.632 ,4.4 ,1.625 ,23
882,掃興,3.2 ,0.400 ,4.8 ,1.833 ,13
883,排斥,3.2 ,0.748 ,6.0 ,0.894 ,107
884,掙扎,3.2 ,1.166 ,7.4 ,0.800 ,136
885,掛念,4.8 ,1.470 ,5.2 ,1.470 ,8
886,掛慮,4.8 ,1.470 ,6.0 ,0.000 ,0
887,控制,4.2 ,0.980 ,5.0 ,2.098 ,758
888,推崇,6.4 ,0.800 ,5.8 ,0.980 ,61
889,敏捷,6.2 ,0.400 ,5.4 ,1.356 ,27
890,敏感,4.6 ,0.800 ,5.0 ,1.095 ,201
891,敏銳,6.4 ,0.490 ,5.2 ,1.327 ,84
892,救,5.0 ,1.414 ,6.4 ,0.490 ,224
893,敗壞,2.6 ,1.020 ,7.6 ,0.800 ,22
894,欲絕,2.0 ,1.095 ,8.2 ,0.748 ,0
895,殺,1.6 ,1.200 ,7.8 ,1.166 ,423
896,殺死,1.4 ,0.800 ,8.2 ,0.748 ,99
897,淘氣,5.6 ,1.020 ,5.6 ,1.356 ,25
898,淚流滿面,2.0 ,0.894 ,7.8 ,0.748 ,0
899,淚珠,3.6 ,0.800 ,4.6 ,1.356 ,0
900,淡漠,4.0 ,0.632 ,2.2 ,1.470 ,6
901,淨土,5.4 ,0.490 ,3.2 ,1.600 ,20
902,深思,5.2 ,0.980 ,2.6 ,1.356 ,74
903,深情,7.2 ,0.748 ,5.2 ,1.600 ,17
904,深愛,8.0 ,0.894 ,6.4 ,2.245 ,0
905,混帳,1.6 ,0.490 ,8.0 ,0.632 ,0
906,混亂,3.0 ,0.632 ,6.4 ,0.800 ,173
907,淹沒,3.6 ,1.020 ,5.6 ,1.744 ,54
908,清白,6.2 ,0.748 ,3.4 ,1.497 ,24
909,清楚,5.6 ,0.490 ,3.8 ,1.470 ,899
910,爽,7.2 ,0.748 ,7.2 ,0.748 ,46
911,爽心,7.2 ,0.748 ,7.0 ,0.894 ,0
912,爽快,7.4 ,0.490 ,6.8 ,0.748 ,14
913,爽約,3.2 ,0.748 ,5.4 ,1.855 ,0
914,爽朗,6.8 ,0.400 ,5.2 ,1.470 ,19
915,牽掛,4.4 ,1.356 ,5.0 ,1.265 ,15
916,猛烈,4.6 ,0.800 ,8.4 ,0.490 ,33
917,猜疑,3.2 ,0.400 ,5.6 ,0.800 ,17
918,理智,6.2 ,0.748 ,3.6 ,1.625 ,31
919,理想,6.8 ,0.980 ,5.0 ,1.265 ,450
920,甜言,6.4 ,0.800 ,5.0 ,1.673 ,0
921,甜美,6.6 ,0.800 ,3.6 ,1.497 ,42
922,甜密,7.0 ,1.095 ,5.0 ,1.897 ,0
923,甜甜,6.4 ,0.800 ,4.4 ,1.960 ,16
924,甜蜜,6.8 ,0.980 ,5.4 ,2.059 ,44
925,甜頭,5.8 ,1.166 ,4.6 ,1.855 ,6
926,疏忽,3.4 ,0.490 ,5.4 ,1.020 ,70
927,疏漏,3.4 ,0.490 ,5.4 ,1.020 ,7
928,盛怒,1.8 ,0.748 ,8.6 ,0.800 ,8
929,眼花撩亂,4.4 ,0.800 ,5.6 ,2.417 ,34
930,眼花繚亂,4.4 ,0.800 ,5.6 ,2.417 ,0
931,眼淚,3.4 ,0.800 ,5.8 ,0.980 ,0
932,眾怒,2.0 ,0.632 ,8.0 ,0.894 ,0
933,窒息,2.2 ,1.166 ,4.8 ,2.561 ,28
934,窒礙,2.6 ,0.490 ,6.8 ,0.748 ,9
935,笨,3.4 ,0.490 ,5.4 ,1.356 ,90
936,笨手笨腳,3.2 ,0.400 ,6.0 ,1.095 ,0
937,笨拙,3.2 ,0.400 ,4.8 ,1.720 ,15
938,粗心,3.8 ,0.400 ,4.8 ,1.600 ,32
939,粗俗,3.0 ,0.632 ,5.6 ,1.497 ,13
940,粗野,3.0 ,0.894 ,6.8 ,0.980 ,7
941,粗暴,2.2 ,0.400 ,8.2 ,0.400 ,24
942,粗魯,3.4 ,0.800 ,6.0 ,2.098 ,17
943,累,3.6 ,0.490 ,4.6 ,1.497 ,233
944,細心,5.2 ,1.166 ,3.6 ,1.200 ,98
945,統治,5.2 ,0.748 ,6.2 ,1.166 ,299
946,羞怯,3.6 ,0.490 ,4.4 ,1.744 ,14
947,羞恥,2.6 ,1.020 ,7.4 ,0.800 ,22
948,羞辱,2.0 ,0.632 ,7.8 ,0.980 ,16
949,羞愧,2.8 ,0.748 ,7.2 ,0.748 ,0
950,羞憤,2.2 ,0.400 ,7.8 ,0.400 ,0
951,莊嚴,5.8 ,0.748 ,3.4 ,1.356 ,67
952,處罰,3.4 ,0.800 ,6.0 ,0.894 ,69
953,設防,5.0 ,0.632 ,4.8 ,1.939 ,8
954,許諾,5.8 ,0.400 ,4.8 ,1.470 ,0
955,貧困,3.2 ,0.400 ,4.4 ,1.020 ,56
956,貧苦,2.8 ,0.400 ,5.4 ,1.020 ,23
957,貧病,2.8 ,0.400 ,4.6 ,1.020 ,0
958,貧窮,2.8 ,0.400 ,4.6 ,1.020 ,131
959,貧賤,2.4 ,0.490 ,7.4 ,0.490 ,0
960,貪,3.2 ,0.400 ,5.4 ,1.625 ,62
961,貪心,3.0 ,0.000 ,5.6 ,1.744 ,22
962,貪生,3.0 ,0.000 ,5.4 ,1.497 ,0
963,貪汙,1.8 ,0.748 ,7.6 ,1.497 ,0
964,貪求,3.2 ,0.400 ,5.8 ,1.166 ,0
965,貪念,3.6 ,0.490 ,5.0 ,2.098 ,4
966,貪婪,2.8 ,0.748 ,6.6 ,1.497 ,33
967,貪圖,3.0 ,0.632 ,5.8 ,1.939 ,16
968,貪慾,3.6 ,0.490 ,5.6 ,1.744 ,0
969,軟弱,3.6 ,0.490 ,3.6 ,1.200 ,28
970,逗趣,6.4 ,0.490 ,5.2 ,0.748 ,21
971,逝世,2.4 ,0.490 ,4.2 ,2.315 ,39
972,造反,2.2 ,0.748 ,7.8 ,0.400 ,23
973,野蠻,3.0 ,0.632 ,6.8 ,0.980 ,18
974,陰沉,3.2 ,0.400 ,3.4 ,1.020 ,0
975,陰森,3.2 ,0.400 ,3.6 ,0.800 ,10
976,陰暗,3.6 ,0.490 ,3.8 ,0.980 ,38
977,陳腐,2.8 ,0.748 ,5.0 ,1.673 ,10
978,陶醉,6.4 ,0.490 ,4.4 ,1.625 ,40
979,麻木,4.0 ,0.632 ,3.2 ,1.600 ,27
980,麻煩,3.6 ,0.490 ,5.0 ,0.894 ,164
981,凱旋,7.2 ,0.400 ,7.0 ,0.000 ,16
982,創傷,2.8 ,0.400 ,6.2 ,0.748 ,30
983,勝利,7.8 ,0.748 ,7.2 ,1.166 ,174
984,勝過,6.2 ,0.748 ,5.8 ,0.748 ,51
985,博愛,6.8 ,0.748 ,4.6 ,1.855 ,21
986,博學,6.8 ,0.400 ,4.8 ,1.600 ,11
987,善心,6.8 ,0.980 ,4.2 ,1.470 ,22
988,善良,7.4 ,1.020 ,4.4 ,1.356 ,83
989,善意,6.8 ,0.400 ,5.0 ,1.673 ,64
990,喜上眉稍,7.4 ,0.490 ,6.8 ,0.980 ,0
991,喜出望外,7.8 ,0.748 ,7.6 ,0.490 ,9
992,喜形於色,7.4 ,0.490 ,6.8 ,0.748 ,4
993,喜怒哀樂,5.0 ,0.000 ,5.2 ,0.400 ,15
994,喜怒無常,3.4 ,0.490 ,5.8 ,0.748 ,0
995,喜宴,6.6 ,0.490 ,6.2 ,1.720 ,14
996,喜悅,7.4 ,0.490 ,6.2 ,1.166 ,139
997,喜氣,7.0 ,0.632 ,5.0 ,1.414 ,17
998,喜從天降,7.4 ,0.490 ,7.0 ,1.095 ,0
999,喜新厭舊,3.4 ,0.490 ,5.2 ,1.327 ,7
1000,喜極而泣,8.2 ,0.400 ,8.4 ,0.490 ,0
1001,喜劇,6.8 ,0.980 ,5.0 ,2.098 ,48
1002,喜慶,7.4 ,0.490 ,6.6 ,1.200 ,9
1003,喝采,7.4 ,0.490 ,7.0 ,1.095 ,15
1004,喪心,3.0 ,0.000 ,6.2 ,1.600 ,0
1005,喪生,1.8 ,0.748 ,6.6 ,1.356 ,20
1006,喪志,2.4 ,0.490 ,5.4 ,2.154 ,0
1007,喪氣,3.0 ,0.632 ,5.0 ,1.673 ,0
1008,喪偶,2.6 ,1.020 ,6.2 ,1.166 ,9
1009,喪盡,2.8 ,0.748 ,7.0 ,0.632 ,0
1010,喪膽,2.8 ,0.748 ,7.6 ,1.020 ,0
1011,喪禮,2.0 ,0.894 ,4.4 ,2.154 ,19
1012,報仇,2.8 ,1.166 ,8.0 ,0.000 ,22
1013,報復,2.2 ,0.748 ,7.6 ,1.020 ,36
1014,富有,7.2 ,0.400 ,4.8 ,1.600 ,89
1015,富裕,7.4 ,0.490 ,5.4 ,1.855 ,132
1016,寒酸,3.6 ,0.490 ,4.2 ,1.600 ,0
1017,尊重,6.8 ,0.748 ,5.2 ,1.327 ,546
1018,尊貴,6.8 ,0.748 ,5.2 ,0.980 ,28
1019,尊敬,7.0 ,1.095 ,5.4 ,1.497 ,115
1020,尊榮,7.6 ,0.800 ,5.2 ,1.939 ,5
1021,尊嚴,6.2 ,0.980 ,5.2 ,1.600 ,165
1022,尋歡作樂,4.2 ,0.748 ,6.4 ,1.200 ,0
1023,就緒,5.2 ,0.400 ,3.6 ,1.625 ,18
1024,復仇,2.2 ,0.400 ,7.6 ,0.490 ,22
1025,悲哀,2.6 ,0.490 ,4.6 ,2.154 ,81
1026,悲苦,2.4 ,0.490 ,5.0 ,1.673 ,15
1027,悲悽,2.2 ,0.748 ,4.8 ,1.939 ,0
1028,悲情,3.0 ,0.632 ,5.0 ,1.265 ,34
1029,悲喜,4.4 ,0.800 ,5.4 ,1.356 ,0
1030,悲痛,2.6 ,0.800 ,6.8 ,0.980 ,29
1031,悲傷,2.8 ,0.748 ,6.0 ,1.095 ,52
1032,悲愁,2.8 ,0.400 ,4.6 ,1.855 ,0
1033,悲慘,2.2 ,0.400 ,7.0 ,1.095 ,48
1034,悲慟,1.8 ,0.748 ,8.4 ,0.490 ,5
1035,悲劇,2.2 ,0.748 ,6.4 ,0.800 ,121
1036,悲憤,2.4 ,0.490 ,7.8 ,0.400 ,20
1037,悲憫,2.8 ,0.400 ,5.0 ,2.280 ,8
1038,悲歡,4.8 ,0.400 ,5.4 ,1.744 ,0
1039,悲觀,3.2 ,0.400 ,4.4 ,1.625 ,81
1040,悶,3.8 ,0.400 ,4.0 ,1.265 ,53
1041,悶悶不樂,3.6 ,0.490 ,4.0 ,0.894 ,9
1042,惡人,2.8 ,0.748 ,6.2 ,0.980 ,21
1043,惡化,2.8 ,0.400 ,6.2 ,0.748 ,147
1044,惡劣,2.6 ,0.800 ,6.8 ,1.166 ,81
1045,惡言,2.6 ,0.490 ,6.6 ,0.490 ,6
1046,惡性,2.8 ,0.400 ,6.4 ,0.800 ,94
1047,惡毒,2.0 ,0.632 ,7.4 ,0.490 ,6
1048,惡狠狠,2.4 ,0.490 ,7.8 ,0.400 ,8
1049,惡耗,2.0 ,0.894 ,7.4 ,0.490 ,0
1050,惡臭,2.8 ,0.748 ,6.6 ,1.200 ,21
1051,惡鬥,2.6 ,0.490 ,7.6 ,0.800 ,0
1052,惡意,2.8 ,0.400 ,6.8 ,0.748 ,19
1053,惡運,2.8 ,0.400 ,6.0 ,0.894 ,0
1054,惡夢,3.0 ,0.632 ,6.8 ,0.748 ,40
1055,惱,3.2 ,0.748 ,6.6 ,0.800 ,4
1056,惶,3.4 ,0.490 ,6.4 ,1.020 ,0
1057,愉,5.8 ,1.470 ,5.2 ,1.327 ,0
1058,提防,4.6 ,1.200 ,6.0 ,1.095 ,20
1059,散漫,3.4 ,0.490 ,4.0 ,1.673 ,7
1060,景仰,6.8 ,0.400 ,5.8 ,0.748 ,11
1061,智慧,7.4 ,0.490 ,4.0 ,1.673 ,745
1062,最好,6.8 ,0.400 ,6.2 ,0.748 ,466
1063,最佳,7.2 ,0.400 ,6.4 ,1.020 ,465
1064,期盼,6.2 ,0.748 ,6.0 ,1.265 ,80
1065,棒,6.8 ,0.748 ,5.8 ,1.470 ,86
1066,棘手,3.4 ,0.490 ,6.2 ,0.748 ,41
1067,欺,3.2 ,0.980 ,6.2 ,0.748 ,17
1068,欽佩,7.2 ,0.400 ,5.8 ,0.980 ,27
1069,殘忍,2.0 ,0.632 ,7.8 ,0.748 ,39
1070,殘酷,1.8 ,0.748 ,8.2 ,0.400 ,61
1071,殘暴,1.6 ,0.490 ,8.8 ,0.400 ,20
1072,渴求,5.0 ,0.000 ,6.8 ,0.980 ,21
1073,渴望,5.6 ,1.200 ,5.8 ,1.166 ,57
1074,無用,3.6 ,0.490 ,4.4 ,1.625 ,52
1075,無助,3.4 ,0.490 ,4.8 ,1.600 ,44
1076,無味,4.4 ,0.800 ,3.2 ,1.600 ,17
1077,無奈,3.6 ,0.800 ,4.2 ,0.748 ,213
1078,無知,3.6 ,0.800 ,4.4 ,1.356 ,77
1079,無畏,6.6 ,0.800 ,6.4 ,1.020 ,8
1080,無害,5.6 ,0.800 ,4.2 ,1.470 ,17
1081,無效,4.2 ,0.400 ,4.4 ,1.200 ,45
1082,無益,3.8 ,0.400 ,3.8 ,1.470 ,19
1083,無能,3.0 ,0.632 ,6.0 ,0.894 ,59
1084,無常,3.6 ,0.490 ,4.2 ,1.166 ,54
1085,無望,2.8 ,0.400 ,4.8 ,1.327 ,18
1086,無聊,3.8 ,0.400 ,3.4 ,1.356 ,143
1087,無辜,4.4 ,1.356 ,4.0 ,1.789 ,49
1088,無意義,4.2 ,0.748 ,4.0 ,1.265 ,14
1089,無精打采,3.6 ,0.490 ,3.4 ,1.356 ,11
1090,無憂無慮,7.0 ,0.000 ,3.6 ,1.625 ,17
1091,無關緊要,4.6 ,0.490 ,3.4 ,1.356 ,6
1092,無懼,5.8 ,1.470 ,5.8 ,1.166 ,5
1093,焦急,3.0 ,0.632 ,7.0 ,0.632 ,33
1094,焦慮,3.2 ,0.748 ,6.4 ,0.800 ,128
1095,猶疑,4.0 ,0.894 ,5.2 ,0.748 ,13
1096,猶豫,4.2 ,0.748 ,4.8 ,1.470 ,78
1097,痛,3.0 ,0.632 ,6.2 ,0.980 ,281
1098,痛不欲生,1.8 ,0.748 ,8.4 ,0.490 ,7
1099,痛苦,2.4 ,0.490 ,6.8 ,0.748 ,369
1100,痛哭流涕,1.8 ,0.748 ,8.0 ,0.632 ,5
1101,發抖,3.4 ,0.490 ,6.2 ,0.980 ,41
1102,發牢騷,3.6 ,0.490 ,6.0 ,1.414 ,11
1103,發狂,2.6 ,0.490 ,7.8 ,0.748 ,16
1104,發怒,2.4 ,0.490 ,8.0 ,0.894 ,11
1105,發臭,3.2 ,0.748 ,5.8 ,1.166 ,7
1106,發愁,3.0 ,0.632 ,6.2 ,1.327 ,7
1107,盜,3.0 ,0.894 ,5.8 ,1.470 ,10
1108,結巴,4.0 ,0.000 ,4.6 ,1.356 ,0
1109,絕妙,6.8 ,0.400 ,6.8 ,0.400 ,4
1110,絕望,2.2 ,0.980 ,6.0 ,2.000 ,68
1111,脾氣,4.8 ,0.400 ,4.4 ,1.960 ,77
1112,舒服,6.6 ,0.490 ,3.6 ,1.020 ,208
1113,舒適,6.8 ,0.400 ,3.6 ,1.200 ,142
1114,華麗,6.8 ,0.748 ,5.6 ,1.960 ,78
1115,著迷,5.6 ,1.497 ,7.0 ,0.632 ,31
1116,虛心,6.2 ,1.327 ,2.6 ,1.356 ,23
1117,虛弱,3.0 ,0.000 ,3.4 ,1.855 ,29
1118,虛榮,3.0 ,0.632 ,6.2 ,1.327 ,21
1119,虛榮心,3.0 ,0.632 ,6.0 ,1.095 ,9
1120,訴苦,3.2 ,0.980 ,6.6 ,0.800 ,25
1121,詐騙,2.6 ,0.800 ,7.0 ,1.095 ,15
1122,費力,3.4 ,0.490 ,6.2 ,0.980 ,37
1123,跛,3.2 ,0.980 ,5.0 ,1.673 ,5
1124,跛腳,3.2 ,0.980 ,5.2 ,1.939 ,4
1125,鈍,3.8 ,0.980 ,2.6 ,1.200 ,10
1126,開心,7.2 ,0.748 ,6.6 ,1.020 ,152
1127,開明,7.0 ,0.894 ,5.0 ,1.673 ,34
1128,開朗,7.2 ,1.166 ,5.4 ,1.356 ,62
1129,閒散,4.6 ,1.020 ,2.2 ,0.748 ,6
1130,陽光,7.2 ,1.470 ,5.0 ,1.897 ,317
1131,隆重,6.6 ,1.020 ,7.0 ,0.894 ,30
1132,雅緻,6.8 ,0.748 ,4.4 ,1.200 ,14
1133,順利,7.0 ,0.894 ,5.0 ,1.673 ,509
1134,亂,3.6 ,0.490 ,5.8 ,0.980 ,308
1135,傲慢,2.8 ,0.748 ,6.0 ,1.414 ,16
1136,傳情,6.4 ,0.490 ,5.4 ,1.855 ,0
1137,債務,3.0 ,0.632 ,5.2 ,0.748 ,47
1138,傷,3.4 ,0.800 ,5.2 ,1.327 ,104
1139,傷人,3.2 ,0.748 ,6.8 ,1.166 ,22
1140,傷亡,2.2 ,0.400 ,7.4 ,1.020 ,31
1141,傷天害理,1.4 ,0.490 ,8.0 ,1.095 ,0
1142,傷心,3.0 ,0.632 ,6.2 ,1.166 ,134
1143,傷害,2.8 ,0.400 ,6.6 ,1.020 ,265
1144,傷神,3.4 ,0.490 ,5.6 ,2.059 ,0
1145,傷痕,3.6 ,0.490 ,5.0 ,1.414 ,38
1146,傷悲,3.0 ,0.632 ,6.0 ,0.894 ,7
1147,傷殘,2.8 ,0.748 ,5.8 ,0.980 ,32
1148,傷痛,3.0 ,0.632 ,6.6 ,1.020 ,31
1149,傷勢,3.4 ,0.490 ,4.6 ,1.625 ,12
1150,傷感,3.4 ,0.490 ,5.2 ,1.327 ,34
1151,傻,3.6 ,0.490 ,4.0 ,1.265 ,43
1152,傻子,3.6 ,0.490 ,4.2 ,0.980 ,11
1153,傻笑,4.0 ,0.894 ,5.4 ,0.490 ,9
1154,勢利,3.2 ,0.748 ,5.4 ,1.855 ,7
1155,嗚咽,2.6 ,0.800 ,5.6 ,1.855 ,8
1156,嫉,3.0 ,0.632 ,6.2 ,1.166 ,5
1157,嫌,3.0 ,0.632 ,5.8 ,1.166 ,146
1158,徬徨,4.0 ,0.632 ,4.4 ,1.356 ,30
1159,微笑,6.4 ,0.490 ,4.6 ,1.356 ,75
1160,微醺,5.8 ,0.748 ,5.2 ,1.600 ,4
1161,想念,4.8 ,0.400 ,5.4 ,1.960 ,45
1162,惹惱,3.0 ,0.894 ,7.2 ,0.400 ,0
1163,愁,3.4 ,0.490 ,4.8 ,1.939 ,39
1164,愚笨,3.2 ,0.748 ,4.0 ,1.673 ,12
1165,愛心,7.0 ,0.000 ,4.6 ,1.356 ,194
1166,愛情,7.0 ,0.000 ,5.8 ,1.600 ,241
1167,愛慕,6.8 ,0.980 ,6.2 ,1.600 ,14
1168,愛護,7.0 ,0.632 ,5.4 ,1.356 ,72
1169,感恩,7.2 ,0.400 ,4.8 ,0.400 ,55
1170,感情,5.4 ,0.800 ,5.2 ,0.748 ,648
1171,感傷,3.8 ,0.400 ,5.4 ,1.744 ,42
1172,感激,6.8 ,0.748 ,7.2 ,0.748 ,129
1173,愧,3.4 ,0.490 ,6.2 ,0.748 ,0
1174,慈祥,7.0 ,0.000 ,4.2 ,1.470 ,17
1175,慈善,7.0 ,0.000 ,4.6 ,1.855 ,62
1176,慈悲,5.6 ,1.200 ,5.0 ,2.530 ,72
1177,慌,3.2 ,0.748 ,6.8 ,0.400 ,26
1178,損人,3.0 ,0.894 ,6.2 ,0.748 ,0
1179,損害,2.8 ,0.748 ,6.4 ,0.800 ,47
1180,損傷,2.8 ,0.748 ,6.8 ,0.400 ,30
1181,損壞,2.6 ,0.490 ,7.2 ,0.748 ,53
1182,搏鬥,3.2 ,0.748 ,7.2 ,0.748 ,33
1183,敬畏,6.8 ,0.980 ,6.4 ,1.020 ,14
1184,敬重,7.0 ,0.632 ,6.0 ,0.894 ,29
1185,敬意,6.6 ,0.800 ,4.8 ,1.470 ,40
1186,暖和,6.4 ,0.490 ,4.0 ,1.265 ,20
1187,業障,3.0 ,0.000 ,5.8 ,1.720 ,12
1188,極好,7.8 ,0.748 ,7.8 ,0.980 ,11
1189,極端,4.4 ,0.800 ,7.0 ,1.095 ,72
1190,極樂,6.8 ,1.166 ,6.6 ,0.800 ,0
1191,毀掉,2.8 ,0.400 ,6.6 ,1.020 ,14
1192,毀敗,2.8 ,0.400 ,6.4 ,1.356 ,0
1193,毀棄,2.8 ,0.400 ,6.6 ,1.625 ,9
1194,毀傷,2.6 ,0.490 ,6.4 ,1.356 ,4
1195,毀損,2.8 ,0.400 ,6.2 ,1.720 ,17
1196,毀滅,2.8 ,0.400 ,7.6 ,1.020 ,56
1197,毀謗,2.6 ,0.490 ,7.4 ,0.490 ,17
1198,毀壞,3.2 ,0.400 ,5.8 ,0.748 ,21
1199,溫和,6.0 ,0.000 ,3.6 ,1.356 ,99
1200,溫柔,6.6 ,0.490 ,4.2 ,1.166 ,123
1201,溫情,6.6 ,0.800 ,4.8 ,1.166 ,19
1202,溫暖,7.2 ,0.980 ,4.2 ,1.166 ,201
1203,溫馨,7.4 ,0.800 ,4.0 ,1.095 ,145
1204,滑稽,4.2 ,0.400 ,5.0 ,1.095 ,13
1205,煩,3.4 ,0.490 ,5.4 ,1.020 ,54
1206,煩人,3.4 ,0.490 ,6.2 ,0.980 ,8
1207,煩心,3.2 ,0.400 ,6.0 ,0.632 ,5
1208,煩忙,3.2 ,0.400 ,6.2 ,1.720 ,0
1209,煩勞,3.2 ,0.400 ,5.8 ,1.600 ,0
1210,煩悶,3.0 ,0.000 ,5.8 ,1.470 ,19
1211,煩惱,3.0 ,0.632 ,6.2 ,1.166 ,119
1212,煩亂,3.0 ,0.632 ,7.2 ,1.166 ,0
1213,煩愁,2.8 ,0.400 ,6.8 ,0.400 ,0
1214,煩瑣,3.6 ,0.490 ,5.6 ,1.497 ,5
1215,煩擾,3.4 ,0.490 ,6.0 ,1.789 ,0
1216,煩雜,3.4 ,0.490 ,6.0 ,1.789 ,4
1217,煩躁,3.2 ,0.400 ,7.6 ,1.200 ,16
1218,痴狂,4.0 ,0.894 ,7.6 ,0.490 ,0
1219,禁止,3.4 ,0.800 ,5.2 ,1.327 ,225
1220,禁忌,3.0 ,0.632 ,5.2 ,1.327 ,74
1221,罪,3.0 ,0.000 ,5.4 ,1.020 ,67
1222,罪人,2.8 ,0.400 ,6.0 ,0.632 ,12
1223,罪大惡極,1.4 ,0.490 ,8.8 ,0.400 ,0
1224,罪犯,2.6 ,0.490 ,6.0 ,0.632 ,28
1225,罪名,2.6 ,0.490 ,5.2 ,1.327 ,45
1226,罪行,2.4 ,0.800 ,6.0 ,0.632 ,31
1227,罪惡,2.2 ,0.748 ,7.0 ,0.632 ,35
1228,罪過,2.6 ,0.490 ,6.4 ,0.800 ,9
1229,罪孽,2.0 ,0.632 ,7.6 ,0.490 ,0
1230,羨慕,6.0 ,1.414 ,5.6 ,0.490 ,114
1231,義,6.4 ,0.894 ,6.0 ,0.707 ,55
1232,義憤,3.2 ,1.166 ,7.6 ,0.490 ,0
1233,萬念俱灰,1.4 ,0.490 ,7.4 ,1.356 ,4
1234,萬歲,7.6 ,0.800 ,7.6 ,0.800 ,38
1235,落伍,3.6 ,0.490 ,4.2 ,1.470 ,43
1236,落空,3.4 ,0.800 ,5.8 ,1.600 ,20
1237,解決,6.2 ,0.980 ,4.8 ,1.470 ,1537
1238,解脫,6.2 ,0.748 ,6.0 ,0.894 ,87
1239,詫異,4.2 ,0.400 ,6.8 ,1.166 ,15
1240,詭計,3.4 ,0.490 ,5.2 ,1.327 ,5
1241,詼諧,6.4 ,1.200 ,4.6 ,1.356 ,19
1242,誇大,3.6 ,0.490 ,5.0 ,1.265 ,30
1243,誠,6.8 ,0.748 ,4.8 ,0.400 ,16
1244,誠心,7.0 ,0.632 ,4.6 ,0.490 ,18
1245,誠實,7.2 ,0.748 ,4.8 ,0.400 ,114
1246,賊,2.6 ,0.800 ,6.0 ,1.265 ,56
1247,躲避,3.6 ,0.490 ,4.8 ,1.600 ,43
1248,遇難,2.0 ,0.894 ,6.4 ,2.577 ,9
1249,過失,3.0 ,0.632 ,5.4 ,1.625 ,33
1250,過錯,3.2 ,0.980 ,5.0 ,1.673 ,20
1251,違心,3.0 ,0.632 ,5.2 ,1.327 ,0
1252,違犯,3.0 ,0.632 ,5.2 ,1.166 ,5
1253,違抗,2.8 ,0.748 ,6.8 ,0.400 ,6
1254,違法,2.4 ,1.020 ,6.6 ,1.200 ,138
1255,違紀,2.6 ,0.800 ,5.6 ,1.020 ,0
1256,違約,2.8 ,0.748 ,5.6 ,1.020 ,17
1257,違背,3.0 ,0.632 ,4.8 ,1.470 ,73
1258,違規,3.4 ,0.800 ,5.2 ,1.327 ,165
1259,頑固,3.2 ,0.400 ,6.4 ,0.800 ,23
1260,頑強,5.0 ,1.095 ,6.2 ,0.748 ,14
1261,鼓舞,6.6 ,0.490 ,6.8 ,0.400 ,64
1262,厭世,2.2 ,0.400 ,6.6 ,1.855 ,8
1263,厭食,2.8 ,0.400 ,5.2 ,2.040 ,0
1264,厭倦,3.2 ,0.400 ,4.2 ,1.600 ,23
1265,厭惡,2.6 ,0.490 ,7.2 ,0.400 ,38
1266,厭煩,3.0 ,0.632 ,5.6 ,1.356 ,30
1267,嘆,4.0 ,0.632 ,3.6 ,1.200 ,60
1268,嘆息,3.4 ,1.020 ,3.8 ,1.166 ,26
1269,嘆氣,3.2 ,0.748 ,4.0 ,1.265 ,15
1270,嫩,5.2 ,1.470 ,4.4 ,1.200 ,25
1271,寧靜,6.2 ,0.748 ,1.6 ,0.800 ,136
1272,對抗,4.0 ,0.632 ,7.2 ,0.400 ,137
1273,對質,3.8 ,0.748 ,7.0 ,1.095 ,6
1274,慘,2.8 ,0.748 ,5.0 ,1.673 ,78
1275,慢,4.4 ,0.490 ,2.8 ,1.327 ,250
1276,慷慨,6.8 ,0.980 ,5.8 ,0.748 ,35
1277,摧毀,2.8 ,0.400 ,7.2 ,0.400 ,70
1278,榮幸,6.8 ,0.400 ,5.4 ,1.356 ,17
1279,榮耀,7.6 ,0.490 ,7.0 ,0.894 ,45
1280,榮譽,7.6 ,0.800 ,5.8 ,1.470 ,110
1281,滿足,7.4 ,0.800 ,4.6 ,1.356 ,581
1282,滿意,7.2 ,0.748 ,5.6 ,1.020 ,396
1283,漂亮,7.2 ,0.400 ,6.0 ,1.265 ,361
1284,漫不經心,3.2 ,0.400 ,3.4 ,1.356 ,10
1285,瑣事,3.8 ,0.400 ,4.6 ,0.800 ,18
1286,瑣碎,3.8 ,0.400 ,4.6 ,0.490 ,34
1287,疑心,3.2 ,0.400 ,5.4 ,0.800 ,0
1288,疑神,3.8 ,0.748 ,5.6 ,1.020 ,0
1289,疑惑,3.8 ,0.748 ,4.8 ,0.400 ,63
1290,疑慮,3.6 ,1.020 ,5.0 ,1.095 ,68
1291,疑點,3.8 ,0.748 ,4.2 ,1.166 ,12
1292,疑難,3.8 ,0.748 ,4.4 ,0.800 ,13
1293,疑懼,3.8 ,0.748 ,6.2 ,1.166 ,9
1294,瘋,2.6 ,1.356 ,7.8 ,0.748 ,24
1295,禍,3.2 ,0.980 ,6.0 ,1.414 ,43
1296,福氣,7.0 ,0.632 ,4.4 ,1.356 ,27
1297,精力,5.4 ,0.490 ,4.0 ,1.549 ,104
1298,精心,6.2 ,0.748 ,4.6 ,1.855 ,74
1299,精美,6.4 ,1.020 ,4.2 ,1.720 ,71
1300,精疲力盡,3.0 ,0.894 ,5.2 ,1.939 ,0
1301,精疲力竭,3.0 ,0.894 ,5.4 ,1.960 ,12
1302,精彩,7.6 ,0.490 ,7.6 ,0.490 ,97
1303,緊張,3.6 ,1.020 ,7.0 ,0.632 ,394
1304,緊繃,3.8 ,0.748 ,7.2 ,0.748 ,23
1305,腐朽,2.8 ,0.748 ,4.0 ,2.000 ,31
1306,腐臭,3.0 ,0.632 ,4.4 ,1.960 ,7
1307,腐敗,2.4 ,0.490 ,5.6 ,2.498 ,65
1308,腐爛,2.6 ,0.800 ,4.8 ,2.227 ,19
1309,認可,5.8 ,0.400 ,4.0 ,1.265 ,49
1310,誤,3.6 ,0.490 ,4.0 ,1.549 ,25
1311,誤會,3.2 ,0.400 ,5.4 ,1.744 ,45
1312,誤解,3.4 ,0.490 ,5.6 ,1.855 ,66
1313,說謊,2.6 ,0.800 ,5.4 ,0.490 ,99
1314,豪爽,7.2 ,0.400 ,6.8 ,0.980 ,22
1315,豪華,6.8 ,0.400 ,5.8 ,1.166 ,135
1316,輕快,6.2 ,0.400 ,4.8 ,1.166 ,28
1317,輕忽,3.8 ,0.400 ,5.2 ,0.748 ,17
1318,輕視,3.2 ,0.748 ,5.6 ,1.356 ,34
1319,輕蔑,2.6 ,0.800 ,6.8 ,1.470 ,13
1320,輕鬆,6.0 ,0.632 ,2.2 ,0.748 ,301
1321,遠離,4.4 ,0.800 ,3.8 ,1.600 ,85
1322,鄙,2.8 ,0.400 ,6.2 ,1.166 ,0
1323,酷刑,2.0 ,0.894 ,8.2 ,0.400 ,7
1324,酷愛,8.0 ,0.894 ,7.2 ,2.135 ,7
1325,酸,4.6 ,0.490 ,4.8 ,0.980 ,63
1326,酸甜苦辣,4.8 ,0.400 ,5.2 ,0.400 ,0
1327,銘印,5.8 ,0.748 ,6.2 ,0.980 ,0
1328,骯髒,3.2 ,0.400 ,4.6 ,1.356 ,27
1329,鼻酸,3.4 ,0.490 ,6.4 ,0.800 ,7
1330,僵化,3.8 ,0.400 ,4.0 ,0.894 ,41
1331,僵住,3.8 ,0.748 ,3.6 ,1.744 ,6
1332,僵冷,3.6 ,1.020 ,3.4 ,1.625 ,0
1333,僵局,3.8 ,0.400 ,4.2 ,0.980 ,35
1334,僵持,3.4 ,0.800 ,5.6 ,1.855 ,16
1335,僵硬,3.4 ,0.490 ,5.4 ,1.497 ,28
1336,劇烈,4.6 ,0.800 ,8.2 ,0.748 ,68
1337,嘮叨,3.8 ,0.400 ,5.8 ,1.470 ,26
1338,噁,2.4 ,0.800 ,6.0 ,0.894 ,0
1339,噁心,2.2 ,0.400 ,6.8 ,0.748 ,48
1340,墮落,2.4 ,0.800 ,6.2 ,2.400 ,44
1341,嫵媚,6.6 ,0.490 ,5.6 ,1.497 ,18
1342,嬉笑,5.8 ,1.600 ,5.6 ,1.497 ,6
1343,嬌弱,3.8 ,0.400 ,3.4 ,1.497 ,4
1344,寬大,6.2 ,0.400 ,4.2 ,1.939 ,35
1345,寬容,7.0 ,0.000 ,3.2 ,1.327 ,37
1346,德行,6.6 ,1.356 ,3.2 ,1.600 ,18
1347,慶功,7.0 ,1.095 ,7.2 ,1.166 ,0
1348,慶生,6.4 ,1.020 ,6.4 ,1.497 ,8
1349,慶幸,6.4 ,0.490 ,6.0 ,1.095 ,43
1350,慶賀,7.0 ,0.632 ,6.0 ,0.894 ,17
1351,憂心,3.6 ,0.490 ,6.0 ,0.632 ,46
1352,憂患,3.2 ,0.400 ,5.4 ,1.200 ,6
1353,憂勞,3.6 ,0.490 ,5.6 ,1.020 ,0
1354,憂傷,3.0 ,0.632 ,5.6 ,1.020 ,20
1355,憂愁,2.8 ,0.400 ,5.4 ,1.020 ,21
1356,憂煩,3.0 ,0.632 ,5.4 ,0.800 ,0
1357,憂慮,2.8 ,0.400 ,6.2 ,1.166 ,36
1358,憂鬱,2.4 ,0.490 ,4.8 ,1.720 ,41
1359,憎,2.2 ,1.166 ,6.8 ,1.327 ,0
1360,憐惜,4.6 ,1.200 ,4.8 ,0.980 ,6
1361,憤,2.6 ,1.020 ,7.6 ,1.020 ,25
1362,摯情,7.2 ,0.400 ,5.4 ,1.497 ,0
1363,摯愛,7.8 ,0.748 ,6.2 ,1.720 ,5
1364,摯誠,7.6 ,0.800 ,6.0 ,2.000 ,0
1365,撒謊,3.2 ,0.400 ,5.2 ,0.748 ,19
1366,撫育,6.0 ,0.632 ,3.8 ,1.470 ,12
1367,敵視,3.0 ,0.632 ,6.6 ,0.490 ,7
1368,敵意,3.4 ,0.490 ,6.4 ,0.800 ,23
1369,敵對,2.8 ,0.748 ,7.0 ,0.632 ,28
1370,暴力,2.2 ,0.400 ,7.8 ,0.400 ,207
1371,暴怒,1.8 ,0.748 ,8.4 ,0.490 ,0
1372,暴躁,2.8 ,0.400 ,8.0 ,0.632 ,30
1373,樂,6.6 ,0.490 ,5.6 ,1.200 ,151
1374,樂子,6.2 ,0.748 ,4.2 ,1.720 ,0
1375,樂不,5.2 ,0.748 ,4.4 ,1.855 ,0
1376,樂天,6.8 ,0.400 ,4.6 ,2.417 ,5
1377,樂在其中,7.0 ,0.000 ,5.6 ,1.356 ,9
1378,樂此,6.4 ,0.490 ,5.0 ,1.789 ,0
1379,樂而,6.2 ,0.400 ,4.4 ,1.625 ,0
1380,樂得,6.2 ,0.400 ,4.4 ,1.625 ,0
1381,樂善,6.4 ,0.490 ,4.4 ,2.059 ,0
1382,樂園,6.4 ,0.490 ,5.4 ,1.356 ,161
1383,樂極生悲,2.8 ,0.400 ,6.8 ,0.980 ,0
1384,樂趣,6.4 ,0.800 ,5.0 ,1.549 ,186
1385,樂觀,7.0 ,0.632 ,5.0 ,0.894 ,171
1386,歎為觀止,6.6 ,1.200 ,7.6 ,1.020 ,8
1387,毅然,5.8 ,0.748 ,6.4 ,0.800 ,35
1388,潔淨,6.2 ,0.400 ,4.6 ,1.356 ,31
1389,熱切,6.2 ,0.748 ,6.4 ,0.490 ,28
1390,熱烈,6.4 ,0.800 ,7.6 ,0.490 ,252
1391,熱衷,6.4 ,0.800 ,6.4 ,1.200 ,37
1392,熱情,6.6 ,1.020 ,6.4 ,1.200 ,138
1393,熱望,6.2 ,0.980 ,6.0 ,1.414 ,0
1394,熱淚盈眶,5.0 ,0.000 ,7.6 ,0.490 ,0
1395,熱鬧,6.4 ,1.020 ,6.6 ,0.490 ,275
1396,獎,6.8 ,0.400 ,5.2 ,1.327 ,225
1397,獎助,7.0 ,0.632 ,5.2 ,1.327 ,28
1398,獎杯,7.4 ,0.490 ,5.4 ,1.356 ,11
1399,獎狀,7.4 ,0.490 ,5.2 ,1.470 ,26
1400,獎金,7.6 ,0.490 ,5.6 ,1.020 ,243
1401,獎品,7.4 ,0.800 ,5.6 ,1.020 ,42
1402,獎章,6.8 ,0.400 ,5.0 ,1.673 ,57
1403,獎牌,6.8 ,0.400 ,5.2 ,1.327 ,23
1404,獎賞,6.6 ,0.490 ,5.4 ,1.356 ,13
1405,獎學金,7.4 ,0.490 ,5.6 ,2.059 ,78
1406,獎勵,7.0 ,0.632 ,5.2 ,1.327 ,228
1407,確定,6.2 ,0.748 ,5.2 ,0.400 ,439
1408,確信,6.2 ,0.748 ,5.4 ,1.497 ,24
1409,窮,3.6 ,0.490 ,4.0 ,0.894 ,143
1410,窮困,3.0 ,0.894 ,4.2 ,1.470 ,21
1411,糊塗,3.8 ,0.400 ,3.6 ,1.020 ,53
1412,緩和,5.2 ,0.400 ,3.2 ,1.166 ,60
1413,蔑視,2.6 ,0.800 ,6.6 ,1.200 ,14
1414,衝突,3.4 ,0.490 ,6.8 ,0.400 ,380
1415,衝擊,3.2 ,0.748 ,7.2 ,0.980 ,283
1416,調皮,5.0 ,0.894 ,4.8 ,1.720 ,26
1417,調戲,3.6 ,0.490 ,6.2 ,0.748 ,0
1418,賤民,2.2 ,0.748 ,7.6 ,0.800 ,0
1419,賤骨頭,1.8 ,0.748 ,7.8 ,0.748 ,0
1420,質疑,3.6 ,1.020 ,5.6 ,0.800 ,227
1421,輝煌,7.0 ,0.632 ,6.2 ,0.748 ,78
1422,適宜,6.4 ,0.490 ,5.0 ,0.632 ,53
1423,適時,6.2 ,0.400 ,5.0 ,1.265 ,98
1424,適當,6.2 ,0.400 ,4.6 ,0.800 ,513
1425,遭受,3.6 ,0.800 ,5.8 ,0.748 ,92
1426,鋌而走險,3.0 ,0.894 ,7.0 ,0.632 ,8
1427,震怒,2.4 ,0.490 ,8.2 ,0.748 ,12
1428,震顫,3.2 ,0.748 ,7.4 ,0.800 ,0
1429,震驚,3.6 ,1.356 ,7.4 ,1.020 ,66
1430,霉運,2.8 ,0.400 ,5.4 ,1.356 ,0
1431,養育,6.2 ,0.748 ,4.0 ,1.673 ,37
1432,魄力,7.0 ,0.000 ,6.2 ,0.748 ,32
1433,魅力,7.2 ,0.400 ,5.6 ,1.855 ,174
1434,懊悔,3.4 ,0.490 ,6.4 ,0.490 ,12
1435,懊惱,3.2 ,0.748 ,7.0 ,0.894 ,29
1436,戰火,3.0 ,0.894 ,6.8 ,1.470 ,84
1437,戰爭,3.0 ,0.894 ,7.2 ,1.166 ,673
1438,戰鬥,3.0 ,0.894 ,7.0 ,0.894 ,62
1439,戰勝,7.4 ,1.020 ,7.4 ,1.020 ,35
1440,戰亂,3.0 ,0.894 ,7.2 ,0.748 ,35
1441,擁抱,6.4 ,0.490 ,5.6 ,1.020 ,88
1442,擁護,6.4 ,0.490 ,6.0 ,0.894 ,32
1443,擅長,6.2 ,0.748 ,5.0 ,1.549 ,78
1444,操心,3.8 ,0.400 ,5.6 ,1.356 ,26
1445,操守,5.2 ,0.400 ,3.8 ,1.470 ,19
1446,操勞,3.6 ,0.490 ,5.2 ,1.470 ,0
1447,擔保,5.0 ,0.632 ,4.8 ,1.600 ,28
1448,擔憂,3.6 ,0.490 ,4.8 ,1.166 ,64
1449,整齊,6.6 ,0.490 ,4.2 ,1.470 ,106
1450,整潔,6.8 ,0.400 ,4.2 ,1.470 ,59
1451,機敏,7.0 ,0.632 ,5.6 ,1.497 ,4
1452,機警,7.0 ,0.632 ,6.4 ,0.800 ,13
1453,機靈,7.0 ,0.632 ,6.0 ,1.265 ,9
1454,激怒,2.6 ,0.490 ,7.8 ,0.400 ,7
1455,激動,4.8 ,0.400 ,7.8 ,0.748 ,127
1456,激情,5.4 ,0.490 ,7.4 ,0.490 ,40
1457,激勵,7.2 ,0.400 ,6.8 ,0.400 ,95
1458,獨自,4.2 ,0.400 ,3.2 ,1.600 ,121
1459,獨創,6.2 ,0.748 ,4.2 ,1.939 ,14
1460,瘸,3.4 ,0.490 ,3.6 ,1.200 ,0
1461,積極,6.6 ,1.020 ,6.6 ,0.800 ,919
1462,罹難,1.8 ,0.748 ,7.0 ,1.414 ,23
1463,膩,3.6 ,0.800 ,4.0 ,1.265 ,19
1464,興旺,6.8 ,0.400 ,5.6 ,1.497 ,16
1465,興致,6.2 ,0.980 ,6.0 ,0.894 ,28
1466,興趣,6.6 ,1.020 ,5.4 ,0.800 ,855
1467,興奮,7.4 ,0.490 ,7.2 ,0.400 ,233
1468,融洽,7.4 ,0.490 ,5.0 ,2.098 ,36
1469,褫奪,2.6 ,0.800 ,7.4 ,0.490 ,4
1470,親,6.6 ,0.800 ,5.8 ,1.600 ,39
1471,親吻,7.2 ,0.400 ,7.4 ,1.356 ,16
1472,親和,7.0 ,0.632 ,4.4 ,1.625 ,7
1473,親密,7.6 ,0.490 ,6.2 ,1.327 ,90
1474,諷刺,3.0 ,0.000 ,6.8 ,0.400 ,71
1475,諾言,6.8 ,0.980 ,5.8 ,0.748 ,26
1476,謀殺,1.6 ,0.490 ,7.8 ,0.748 ,25
1477,踴躍,6.8 ,0.400 ,6.8 ,0.400 ,132
1478,蹂躪,2.2 ,0.400 ,7.6 ,0.490 ,20
1479,輸家,3.0 ,0.632 ,5.0 ,1.789 ,6
1480,輸掉,3.4 ,0.800 ,5.2 ,1.720 ,17
1481,遲到,3.8 ,0.400 ,5.0 ,0.632 ,42
1482,遲鈍,3.6 ,0.490 ,3.6 ,1.200 ,12
1483,遲疑,3.6 ,0.490 ,4.8 ,1.166 ,32
1484,遺棄,2.8 ,0.400 ,5.8 ,1.939 ,33
1485,遺憾,2.6 ,0.490 ,4.8 ,1.720 ,126
1486,錯,3.0 ,0.894 ,4.8 ,1.939 ,381
1487,錯亂,3.0 ,0.894 ,6.2 ,1.166 ,9
1488,錯誤,3.2 ,0.748 ,5.6 ,1.020 ,265
1489,頭昏,3.2 ,0.748 ,4.6 ,1.356 ,9
1490,默哀,2.2 ,0.748 ,4.2 ,2.315 ,0
1491,優,6.8 ,0.400 ,5.4 ,1.356 ,19
1492,優秀,7.6 ,0.490 ,6.6 ,1.356 ,237
1493,優良,7.6 ,1.020 ,6.2 ,1.600 ,154
1494,優柔寡斷,3.2 ,0.748 ,4.6 ,1.855 ,6
1495,優美,6.8 ,0.400 ,5.4 ,1.497 ,132
1496,優勝,7.6 ,0.490 ,6.8 ,0.980 ,25
1497,優惠,6.8 ,0.748 ,6.2 ,1.720 ,125
1498,優雅,6.8 ,0.400 ,5.0 ,1.414 ,80
1499,優勢,6.8 ,0.400 ,6.0 ,0.894 ,271
1500,優點,7.0 ,0.632 ,5.0 ,1.095 ,256
1501,嚇,3.6 ,0.490 ,6.8 ,0.748 ,146
1502,壓力,2.6 ,0.490 ,6.8 ,0.980 ,944
1503,壓抑,2.6 ,0.490 ,5.4 ,1.497 ,132
1504,壓制,3.6 ,0.800 ,6.0 ,0.894 ,69
1505,壓迫,2.8 ,0.748 ,7.2 ,1.166 ,140
1506,尷尬,3.8 ,0.400 ,4.6 ,0.800 ,75
1507,懦,3.2 ,0.400 ,4.2 ,0.980 ,0
1508,擊,4.8 ,0.400 ,6.6 ,1.497 ,35
1509,擊敗,6.0 ,1.414 ,6.8 ,1.166 ,90
1510,濫用,3.0 ,0.632 ,5.6 ,1.625 ,48
1511,濫情,3.0 ,0.632 ,6.2 ,1.166 ,14
1512,燦爛,6.6 ,1.020 ,6.4 ,1.356 ,75
1513,獲勝,7.8 ,0.748 ,7.2 ,1.327 ,69
1514,獲獎,7.8 ,0.748 ,7.0 ,1.414 ,34
1515,瞧不起,3.2 ,0.748 ,6.2 ,1.600 ,21
1516,糟,3.4 ,0.490 ,4.4 ,1.200 ,85
1517,糟糕,3.2 ,0.748 ,5.2 ,1.720 ,65
1518,糟蹋,2.4 ,0.490 ,7.2 ,1.720 ,12
1519,繁瑣,3.8 ,0.980 ,5.0 ,1.095 ,27
1520,繃緊,4.2 ,0.748 ,7.2 ,0.980 ,7
1521,聰明,7.0 ,0.632 ,4.8 ,2.315 ,248
1522,膽小,3.6 ,0.490 ,4.6 ,1.855 ,18
1523,膽怯,3.2 ,0.748 ,5.2 ,1.470 ,5
1524,膽量,5.4 ,0.800 ,4.6 ,1.960 ,22
1525,膽戰心驚,2.8 ,0.748 ,7.6 ,0.490 ,6
1526,艱困,3.2 ,0.748 ,6.6 ,0.800 ,18
1527,艱辛,3.0 ,0.894 ,6.4 ,0.490 ,51
1528,艱苦,3.0 ,0.632 ,6.6 ,0.490 ,69
1529,艱深,3.4 ,0.800 ,6.4 ,1.020 ,8
1530,艱鉅,3.2 ,1.166 ,7.2 ,0.748 ,21
1531,艱險,3.0 ,0.894 ,7.8 ,0.748 ,0
1532,艱澀,3.2 ,0.980 ,7.2 ,1.327 ,7
1533,艱難,3.2 ,0.980 ,7.2 ,0.748 ,69
1534,虧損,3.2 ,0.748 ,5.6 ,1.855 ,57
1535,褻瀆,2.4 ,1.020 ,7.6 ,1.020 ,4
1536,謝天謝地,7.4 ,0.490 ,7.4 ,0.800 ,7
1537,謝意,6.2 ,0.400 ,6.0 ,1.549 ,32
1538,醜,3.6 ,0.490 ,3.8 ,1.470 ,49
1539,鮮明,6.4 ,0.490 ,5.4 ,1.744 ,76
1540,鮮美,6.2 ,0.400 ,5.4 ,1.356 ,28
1541,嚮往,6.0 ,0.632 ,5.0 ,1.549 ,92
1542,簡潔,6.2 ,0.400 ,4.8 ,1.470 ,36
1543,謹慎,6.4 ,0.800 ,4.2 ,1.720 ,90
1544,蹧蹋,2.6 ,0.800 ,7.2 ,1.166 ,0
1545,鎮定,5.4 ,1.020 ,2.8 ,1.470 ,17
1546,鎮靜,5.4 ,1.020 ,1.8 ,0.748 ,12
1547,鎮壓,3.0 ,1.095 ,7.0 ,0.632 ,53
1548,雜亂,3.6 ,0.490 ,5.6 ,1.497 ,20
1549,鬆懈,3.6 ,0.490 ,4.2 ,1.470 ,10
1550,壞人,3.4 ,0.490 ,5.4 ,1.020 ,105
1551,壞心,3.4 ,0.490 ,6.0 ,0.894 ,5
1552,壞死,2.8 ,0.748 ,5.0 ,1.897 ,25
1553,壞事,3.4 ,0.490 ,5.2 ,1.166 ,64
1554,壞處,3.4 ,0.490 ,5.0 ,1.095 ,19
1555,壞話,3.4 ,0.490 ,5.0 ,1.414 ,14
1556,壞運,3.0 ,0.000 ,5.6 ,1.020 ,0
1557,寵愛,6.8 ,1.166 ,5.6 ,2.059 ,27
1558,懲罰,3.4 ,0.490 ,6.2 ,0.980 ,54
1559,懶惰,3.4 ,0.800 ,4.0 ,1.673 ,26
1560,懶散,3.6 ,0.800 ,3.0 ,1.789 ,12
1561,懷鄉,5.0 ,0.632 ,4.6 ,1.497 ,0
1562,爆發,4.2 ,0.748 ,7.6 ,0.800 ,220
1563,癡迷,3.8 ,0.980 ,6.8 ,1.720 ,0
1564,穩健,7.0 ,0.894 ,5.2 ,1.327 ,38
1565,贊同,7.0 ,0.894 ,5.0 ,1.265 ,84
1566,辭職,4.0 ,0.632 ,4.8 ,2.040 ,98
1567,難吃,3.4 ,0.800 ,5.8 ,1.720 ,10
1568,難堪,3.0 ,0.632 ,6.4 ,1.020 ,41
1569,難過,3.0 ,0.632 ,5.6 ,1.356 ,232
1570,難聞,3.6 ,0.490 ,5.6 ,1.020 ,6
1571,難熬,2.6 ,0.490 ,7.2 ,0.748 ,7
1572,難題,3.6 ,0.490 ,5.2 ,1.720 ,121
1573,願,6.0 ,0.632 ,5.0 ,1.673 ,682
1574,騙,3.4 ,0.490 ,6.0 ,0.894 ,132
1575,嚴重,3.2 ,0.980 ,7.0 ,0.632 ,992
1576,嚴峻,3.0 ,0.894 ,7.6 ,0.490 ,12
1577,嚴格,3.8 ,1.600 ,6.8 ,1.166 ,299
1578,嚴酷,2.8 ,1.166 ,7.6 ,1.200 ,14
1579,嚴厲,3.8 ,1.166 ,7.4 ,0.490 ,68
1580,寶貴,7.0 ,0.894 ,5.0 ,1.673 ,144
1581,競爭,5.0 ,1.095 ,6.6 ,1.356 ,631
1582,耀眼,6.6 ,1.020 ,6.4 ,1.020 ,64
1583,觸目驚心,2.6 ,0.800 ,8.0 ,0.632 ,8
1584,觸怒,2.8 ,0.748 ,7.4 ,0.490 ,5
1585,觸景傷情,2.8 ,0.400 ,6.2 ,0.980 ,0
1586,贏取,6.4 ,0.490 ,6.0 ,1.549 ,6
1587,贏錢,6.6 ,0.800 ,6.2 ,2.135 ,8
1588,騷動,4.0 ,0.632 ,6.6 ,1.020 ,45
1589,騷擾,3.4 ,0.490 ,6.0 ,0.632 ,94
1590,懼怕,2.6 ,0.800 ,7.2 ,0.748 ,29
1591,爛,2.8 ,0.748 ,5.6 ,1.356 ,93
1592,犧牲,3.6 ,0.800 ,6.6 ,0.490 ,257
1593,纏身,3.6 ,0.490 ,6.2 ,1.166 ,9
1594,纏訟,3.6 ,0.490 ,5.6 ,1.960 ,9
1595,纏綿,6.8 ,0.748 ,6.6 ,1.020 ,12
1596,蠢,3.0 ,0.632 ,5.2 ,1.720 ,8
1597,護,6.0 ,0.894 ,4.4 ,1.200 ,52
1598,躊躇,4.2 ,0.400 ,4.8 ,1.166 ,13
1599,顧慮,4.2 ,0.400 ,4.6 ,1.020 ,43
1600,歡天喜地,8.2 ,0.400 ,7.8 ,0.400 ,9
1601,歡心,7.2 ,0.748 ,6.6 ,0.490 ,13
1602,歡呼,7.2 ,0.748 ,7.2 ,0.748 ,39
1603,歡欣,7.2 ,0.748 ,7.0 ,0.632 ,22
1604,歡笑,7.4 ,1.020 ,6.8 ,0.400 ,33
1605,歡喜,7.4 ,0.800 ,6.8 ,0.400 ,107
1606,歡愉,6.6 ,1.497 ,6.8 ,0.980 ,24
1607,歡樂,7.2 ,0.748 ,6.8 ,0.980 ,141
1608,歡聲,7.2 ,0.748 ,6.2 ,0.980 ,4
1609,歡歡喜喜,8.0 ,0.632 ,6.8 ,1.327 ,9
1610,顫抖,3.2 ,0.748 ,6.8 ,1.166 ,32
1611,驕傲,4.8 ,1.600 ,6.4 ,1.020 ,114
1612,髒,3.2 ,0.748 ,4.6 ,1.356 ,75
1613,攪亂,3.0 ,0.894 ,6.6 ,1.020 ,8
1614,變味,3.4 ,0.490 ,5.2 ,1.327 ,0
1615,變動,4.8 ,0.400 ,6.0 ,0.894 ,190
1616,變質,3.4 ,0.490 ,5.0 ,1.265 ,31
1617,驚,4.8 ,0.400 ,7.0 ,1.095 ,51
1618,驚人,4.8 ,0.400 ,7.6 ,0.800 ,191
1619,驚心,4.6 ,0.490 ,7.6 ,1.020 ,5
1620,驚呆,4.4 ,0.490 ,7.8 ,0.980 ,0
1621,驚奇,6.2 ,0.748 ,7.4 ,0.800 ,58
1622,驚怕,3.6 ,0.490 ,7.0 ,0.632 ,0
1623,驚恐,2.8 ,0.980 ,7.8 ,0.748 ,14
1624,驚悚,2.8 ,0.748 ,7.8 ,0.400 ,0
1625,驚異,3.8 ,0.748 ,7.2 ,0.400 ,25
1626,驚訝,5.0 ,0.000 ,7.2 ,1.327 ,135
1627,驚喜,7.2 ,0.748 ,7.4 ,0.490 ,55
1628,驚愕,3.6 ,0.490 ,7.4 ,0.490 ,0
1629,驚慌,3.2 ,0.748 ,7.6 ,0.490 ,29
1630,驚嘆,5.4 ,1.356 ,7.6 ,0.800 ,25
1631,驚疑,4.0 ,0.632 ,7.2 ,0.748 ,0
1632,驚歎,5.0 ,1.095 ,7.6 ,1.020 ,10
1633,驚險,4.0 ,1.265 ,7.6 ,0.490 ,28
1634,驚駭,3.2 ,1.470 ,7.8 ,0.400 ,0
1635,驚嚇,3.0 ,0.894 ,7.8 ,0.400 ,27
1636,驚擾,3.4 ,0.490 ,6.8 ,0.400 ,7
1637,體面,6.4 ,0.490 ,5.4 ,0.800 ,19
1638,體貼,7.0 ,0.632 ,5.6 ,1.356 ,64
1639,體會,6.4 ,0.800 ,4.4 ,1.356 ,240
1640,體諒,6.6 ,0.490 ,4.8 ,1.470 ,60
1641,靈巧,7.2 ,0.748 ,4.8 ,1.327 ,19
1642,靈活,6.8 ,0.748 ,4.2 ,1.166 ,126
1643,靈敏,6.6 ,1.020 ,4.2 ,1.166 ,34
1644,靈感,6.2 ,1.166 ,4.2 ,1.166 ,76
1645,齷齪,2.2 ,0.980 ,8.0 ,0.632 ,0
1646,讚,7.6 ,0.800 ,5.6 ,0.800 ,5
1647,讚不絕口,8.2 ,0.400 ,8.0 ,0.632 ,12
1648,讚佩,7.8 ,0.400 ,7.0 ,0.632 ,0
1649,讚嘆,7.6 ,0.490 ,7.2 ,0.400 ,28
1650,讚歎,7.6 ,0.490 ,7.2 ,0.400 ,23
1651,讚賞,7.8 ,0.748 ,6.8 ,1.166 ,51
1652,鬱,3.0 ,0.894 ,4.8 ,1.327 ,0
1653,貪污,1.8 ,1.166 ,7.6 ,1.744 ,63
1654,進行,5.4,0.49,3.4,1.62,2963
1655,舉行,5.6,0.8,3.8,1.72,1178
1656,發展,6.2,0.75,4.2,0.75,2796
1657,參加,5.4,0.49,4.2,1.47,2147
1658,增加,5.8,0.4,4,1.41,1755
1659,合作,6.4,0.49,4.2,1.33,1231
1660,接受,5.6,0.49,3.6,0.8,1533
1661,成為,5.4,0.49,3.8,0.98,2774
1662,完成,6.4,1.02,5,0.63,1663
1663,獲得,6.2,0.75,4.2,1.17,1194
1664,通過,6.4,1.02,4.4,1.2,752
1665,特別,5.8,0.98,4.2,0.98,2156
1666,瞭解,5.6,0.49,3.6,1.02,575
1667,重要,6,1.1,5.6,0.8,2990
1668,建設,6.2,1.17,3.8,1.17,1065
1669,管理,5.4,0.49,3.2,0.98,1451
1670,改革,6.2,0.98,5.4,1.2,671
1671,開放,6.2,0.75,4.6,1.02,892
1672,成長,6.8,0.75,4.8,1.17,1711
1673,正式,5.4,0.49,4.2,0.75,828
1674,準備,5,0,3.8,1.17,635
1675,開發,5.8,0.75,4.6,0.49,1609
1676,說明,4.8,0.4,3.4,1.02,814
1677,聯合,5,0,4,1.41,212
1678,經營,5.8,0.4,4,0.63,1385
1679,機會,6.2,0.75,4.4,1.02,1850
1680,生產,5.8,0.75,4,0.89,932
1681,專家,6.2,0.4,4.2,1.33,900
1682,努力,6.8,0.75,5.8,1.47,1256
1683,注意,5.6,0.8,4.6,1.02,1157
1684,達成,6.4,0.49,5,1.79,536
1685,負責,6,1.1,4.2,1.33,1108
1686,資源,5.4,0.8,2.8,1.83,1327
1687,公開,5.4,0.49,3.8,1.47,509
1688,穩定,6,0.89,3.4,1.36,381
1689,提高,5.8,0.4,5,1.26,783
1690,能力,5.6,0.49,3.2,1.6,1639
1691,達到,5.8,0.75,5,1.41,979
1692,法律,4.6,0.49,3.6,1.85,589
1693,重視,5.6,0.8,5.6,0.49,873
1694,協調,5,1.1,4.2,1.47,387
1695,全面,5,0,3.6,1.02,285
1696,考慮,4.6,0.49,3.8,1.17,1225
1697,健康,6,0.63,4,1.26,739
1698,實際,5,0,3.2,1.17,1099
1699,全力,5.8,0.75,5.4,1.36,170
1700,擁有,5.6,0.8,4.2,1.47,1002
1701,必要,5,0.63,5.4,1.36,471
1702,經驗,5.6,0.8,3.2,0.98,1762
1703,促進,6.2,0.98,5.4,1.02,380
1704,藝術,5.6,0.8,2.8,1.33,1760
1705,獨立,5.6,0.8,3.4,1.02,644
1706,訓練,5.2,0.75,4.2,1.47,1257
1707,提升,6,0.63,4.8,1.17,442
1708,衛生,5.8,0.75,3.2,1.17,332
1709,明顯,5.6,0.49,3.8,0.75,671
1710,知道,5.4,0.49,3.2,1.47,4160
1711,符合,6,0.63,3.4,1.02,579
1712,堅持,6.2,1.17,5.2,1.17,459
1713,給予,5.8,0.98,4.2,1.17,489
1714,正常,5.8,0.4,3.4,1.02,541
1715,權益,5.2,0.4,3.8,1.83,314
1716,地位,5.4,0.49,3.8,1.17,592
1717,很多,5.6,0.8,4.2,0.98,2640
1718,音樂,5.2,0.4,3,1.41,1218
1719,良好,6.8,0.4,4.2,0.98,478
1720,承認,5,0,3.8,1.47,349
1721,高級,6.2,0.75,4.4,1.36,343
1722,學習,5.6,0.8,3.8,1.33,1693
1723,福利,6.6,0.8,4,1.67,286
1724,自然,5.2,0.4,3.4,1.2,1012
1725,通知,5,0,3.4,1.36,184
1726,明確,6.2,0.4,3.4,1.02,337
1727,真正,5.4,0.49,3.6,0.8,827
1728,確實,5.4,0.49,3.6,0.8,427
1729,公平,5.8,0.98,4,1.26,439
1730,充分,5.8,0.4,4.4,1.02,472
1731,得到,5.6,0.49,4,1.1,1334
1732,規範,5.4,0.49,3.4,1.02,293
1733,一致,5.2,0.4,3.6,1.02,335
1734,合理,5.8,0.4,3.6,1.02,493
1735,支援,5.6,0.49,4.2,0.98,432
1736,主動,5.8,0.75,5,1.41,451
1737,掌握,5.2,0.4,4.2,1.47,609
1738,紀念,5.6,0.49,3,1.1,151
1739,容易,5.6,0.49,3.2,1.47,1611
1740,領先,6.4,0.49,5,1.1,178
1741,安定,5.6,0.49,3.2,0.98,175
1742,財產,5.2,0.4,2.4,1.36,262
1743,合法,5.8,0.75,3.4,1.36,180
1744,實現,5.8,0.75,4,1.26,363
1745,獲利,6.6,0.49,4.6,1.2,101
1746,防止,4.8,0.75,5,0.63,211
1747,創造,6.2,0.75,4.4,1.02,660
1748,迅速,5.8,0.4,4.8,1.33,354
1749,進步,6.6,0.8,4.8,0.75,541
1750,秩序,5.6,0.49,3.4,1.02,269
1751,當然,5.2,0.4,4,1.1,1938
1752,正確,6.4,0.49,4.2,0.98,674
1753,推薦,6.2,0.4,4.4,1.02,217
1754,特色,5.6,0.49,3.2,0.98,765
1755,實在,5.4,0.49,3.4,0.8,981
1756,澄清,4.4,0.8,4,1.79,66
1757,繁榮,6.6,0.49,4,0.89,171
1758,時機,5.2,0.4,3.2,1.72,193
1759,解除,4.8,0.4,3.4,2.15,138
1760,批准,5.4,0.49,3.2,1.47,55
1761,認同,6.4,0.49,4.6,1.02,335
1762,完整,5.8,0.75,3.4,1.02,537
1763,夥伴,5.4,0.49,3.2,1.17,121
1764,贊成,6.2,0.4,4.6,1.2,241
1765,期待,6.2,0.4,5.6,1.02,289
1766,增進,5.8,0.4,4.4,1.36,197
1767,著名,6,0,3.6,1.02,410
1768,表揚,6,0.63,4.6,1.74,60
1769,遵守,5.2,0.4,3,1.1,134
1770,創新,6.2,0.75,4.6,1.36,165
1771,享有,5.4,0.49,3.6,1.36,178
1772,平衡,5.4,0.49,2.8,1.33,311
1773,詳細,5.4,0.49,3.2,1.17,272
1774,許可,5.4,0.49,3.2,1.47,86
1775,方便,6,0,3.8,0.75,621
1776,自動,5.4,0.49,2.8,1.33,353
1777,友好,6.2,0.4,4.4,1.62,34
1778,合格,6.4,0.49,4,2.1,130
1779,健全,6.2,0.4,3.8,1.33,182
1780,固定,5.2,0.4,2.8,1.33,363
1781,學會,6,0.63,3.4,1.5,245
1782,審慎,5.6,0.8,3.8,1.6,63
1783,實行,5.2,0.4,3.6,1.36,177
1784,信用,6,0.63,3.8,1.33,116
1785,傑出,7.4,1.02,5,1.67,219
1786,的確,5.2,0.4,3,1.41,569
1787,義務,5,0,3.2,1.6,150
1788,思考,5.4,0.49,3.4,1.5,723
1789,黃金,5.6,0.8,3.2,1.94,192
1790,促成,5.8,0.4,4.4,1.85,92
1791,習慣,5,0,3,1.41,540
1792,毫無,4.2,0.75,3.2,1.17,283
1793,專門,5.2,0.4,3.6,1.02,230
1794,顯著,5.4,0.49,4.4,0.49,157
1795,慰問,4.2,0.98,4.4,1.36,17
1796,清理,4.8,0.4,4.2,1.17,70
1797,請求,4.6,0.49,4.2,1.6,149
1798,重要性,5,0.63,5,1.41,193
1799,平等,5.8,0.75,3.4,1.62,295
1800,務實,6,0.63,3.6,1.36,76
1801,正義,6.4,0.49,4.8,1.17,141
1802,消除,4,0.89,4.4,1.5,134
1803,清除,4,0.89,4.4,1.36,60
1804,休息,5.2,0.4,2.8,1.17,344
1805,成熟,5.8,0.75,3.2,1.17,347
1806,理性,5.6,0.49,3.2,1.17,234
1807,強大,6.2,0.75,5.4,1.02,172
1808,減輕,5.2,0.75,3.8,1.6,145
1809,革命,5,0,6.2,0.75,422
1810,法定,5,0,3.6,1.85,49
1811,贊助,6,0.89,4.2,1.17,155
1812,明白,5,0.63,3.8,1.94,355
1813,可行,5.6,0.49,4,1.41,161
1814,公正,6.6,0.49,4.2,0.98,106
1815,福祉,6.2,0.75,3.4,1.02,58
1816,克服,5.2,1.17,5.4,1.2,189
1817,助益,6.2,0.75,4.4,1.36,123
1818,道德,5.6,0.49,3.4,1.02,410
1819,圓滿,6.4,0.49,4.4,1.62,110
1820,適應,5.2,1.17,4,1.41,344
1821,奪得,5.2,0.98,5.6,1.5,57
1822,生效,5.6,0.8,3.8,1.72,28
1823,期許,5.8,0.75,4.6,1.02,55
1824,便利,6,0.63,3.4,1.02,180
1825,熟悉,5.4,0.49,4,1.1,296
1826,正當,6.2,0.4,4,1.26,76
1827,履行,5.2,0.4,3.8,2.32,34
1828,凝聚,5.6,0.49,3.6,1.96,108
1829,革新,6.2,0.4,5.4,1.62,59
1830,友誼,6.4,0.49,4,1.67,63
1831,奮鬥,6.6,0.8,5.8,1.72,138
1832,自主,5.6,0.49,4.2,1.72,176
1833,巨大,5.2,0.4,4.8,2.23,188
1834,開拓,5.6,0.8,4.6,1.96,139
1835,過關,6,0.63,5,1.67,79
1836,營養,5.4,0.8,3,1.26,160
1837,適度,5.2,0.4,3,1.26,97
1838,罕見,5.2,0.4,4.2,2.04,59
1839,天然,5.6,0.49,3.6,1.62,108
1840,首位,5.8,0.75,3.4,1.62,29
1841,讓步,4.6,0.49,3.6,1.62,51
1842,深刻,5.4,0.49,4.6,1.2,361
1843,得獎,7,0.63,5.8,1.72,62
1844,致意,5.2,0.4,4.2,1.6,21
1845,名譽,6.2,1.17,4.2,1.47,59
1846,愛國,6.8,0.75,5.8,0.75,90
1847,中和,5.4,0.49,2.8,1.33,31
1848,嚴密,4.8,0.75,4.8,1.6,61
1849,突出,5.6,0.8,5,1.1,84
1850,理解,5.8,0.75,4.2,1.33,288
1851,前進,6,0.63,4.2,1.72,111
1852,聲望,6,0.63,3.8,1.47,43
1853,慎重,5.6,0.49,3.8,2.04,94
1854,熱心,6.4,0.49,5.2,1.47,165
1855,推進,5.2,0.4,4.8,1.72,25
1856,愉快,7,0.63,4.8,1.6,271
1857,技巧,5.2,0.4,3.2,1.72,437
1858,允諾,5.4,0.8,3.8,2.04,27
1859,感動,6.2,0.75,4.8,1.94,282
1860,良性,6.4,0.49,4,1.67,70
1861,清潔,5.2,0.4,3.6,1.85,140
1862,便宜,6,0,3,1.26,279
1863,想像,5.2,0.4,3.6,1.62,384
1864,蓬勃,6,1.1,5.2,1.47,100
1865,資助,5.4,0.49,3.8,0.98,39
1866,警覺,4.6,0.8,4.4,1.5,48
1867,發達,6,0.63,5,1.67,163
1868,無罪,5.4,0.49,4,1.9,17
1869,均衡,5.2,0.4,3,1.41,101
1870,分工,5.2,0.4,3.2,0.98,113
1871,精密,5.6,0.49,3.6,1.02,70
1872,卓越,6.6,0.49,4.6,1.36,68
1873,充份,5.6,0.49,4,1.67,147
1874,職責,5,0,3.2,1.17,56
1875,自願,5,0,3.8,1.33,97
1876,輔助,5.2,0.4,3.6,1.85,174
1877,倫理,5.2,0.4,3,1.41,159
1878,互惠,6.4,0.49,4,1.41,30
1879,平息,4.8,0.4,3.8,1.47,33
1880,及格,6,0,4,1.41,33
1881,創立,5.4,0.49,3.4,1.62,71
1882,節約,5.4,0.49,3.4,1.36,64
1883,財富,5.6,0.8,3.4,1.85,171
1884,建設性,5.8,0.4,3.4,1.2,32
1885,互利,5.8,0.4,3.8,1.33,10
1886,切實,5.2,0.4,3.6,1.62,34
1887,招待,5.4,0.49,4.2,1.6,83
1888,效能,5.4,0.49,3.8,1.72,86
1889,諒解,4.8,0.75,4,1.9,51
1890,開採,5.2,0.4,3.8,2.04,45
1891,生育,5.2,0.4,4.4,2.15,53
1892,美化,6,0.63,4.2,1.83,68
1893,夢想,6.2,0.75,4.6,1.74,138
1894,優質,7.2,0.75,4.4,1.2,8
1895,獨特,6.4,0.8,4.2,1.47,213
1896,留意,4.8,0.4,3.6,2.06,85
1897,無疑,5,0,3.2,1.17,88
1898,理會,5,0,3.4,1.02,68
1899,約定,5.2,0.4,4,0.89,68
1900,締造,5.4,0.49,4.6,1.2,42
1901,賺錢,5.6,0.49,4.6,1.74,234
1902,充裕,6.2,0.4,4,1.26,76
1903,通用,5.2,0.4,3.4,1.36,34
1904,合乎,5.2,0.4,3.2,1.47,115
1905,毫不,4.4,0.49,3.8,1.83,174
1906,簡易,5.6,0.49,3.2,1.47,84
1907,絕無,4.6,0.49,3.8,1.47,31
1908,精緻,6,0.63,3.4,1.02,169
1909,光明,6.6,0.8,3.8,0.98,74
1910,好事,6.6,0.8,3.8,1.47,53
1911,注目,5.2,0.4,3.8,1.33,63
1912,免除,5,0,4,1.1,39
1913,穩固,5.8,0.4,3.8,0.75,50
1914,保密,5.2,0.4,3.6,1.2,43
1915,樂見,6,0,4.6,1.62,18
1916,道理,5.2,0.4,3.2,1.17,403
1917,改良,5.6,0.49,4.2,1.83,132
1918,新鮮,6,0.63,3.8,1.6,188
1919,透明,5,0,3,1.41,80
1920,古典,5.2,0.4,2.8,1.17,217
1921,趣味,5.8,0.4,4.2,1.17,116
1922,集資,5.2,0.4,4,1.9,12
1923,專屬,5.6,0.8,3.6,1.74,63
1924,敬佩,6.2,0.75,4.6,1.85,39
1925,友善,6.6,1.02,4,1.41,40
1926,人性,5,0,2.8,1.33,342
1927,合適,5.6,0.49,3.2,1.17,126
1928,天使,6.6,0.49,3.8,1.6,56
1929,一流,6.8,0.4,4.6,1.36,104
1930,助長,5.4,0.49,4.6,1.74,39
1931,嚴謹,5.2,0.75,4.2,1.47,67
1932,吸引力,5.4,0.49,3.6,2.06,74
1933,優於,5.4,0.8,4.4,1.36,34
1934,互助,5.8,0.4,3.6,1.36,39
1935,深切,5,0,4,1.26,45
1936,好奇,5,0,4.2,1.47,241
1937,衛冕,6,0.63,5,1.41,21
1938,守法,5.8,0.4,3.6,1.5,59
1939,充足,5.6,0.49,4,1.41,75
1940,嶄新,6.4,0.49,5,1.55,60
1941,不遺餘力,6.2,0.75,5.6,1.5,36
1942,特大,5.4,0.49,5.2,1.47,6
1943,才藝,5.8,0.75,3.4,1.02,43
1944,誠摯,6.4,0.49,4.2,0.98,23
1945,準確,5.8,0.4,3.6,1.36,79
1946,妥當,5.4,0.49,3.4,1.5,49
1947,加薪,6.2,0.75,4.6,1.62,12
1948,發覺,5,0,3,1.67,262
1949,熱忱,6,0.63,4.8,1.94,27
1950,補足,5.2,0.4,3.4,1.02,40
1951,節制,5,0.63,3.6,1.5,40
1952,暢談,5.8,0.4,5.4,1.02,22
1953,鼓掌,6.2,0.75,5.4,1.02,87
1954,在意,5,0,3.8,2.04,94
1955,精確,5.8,0.4,3.8,0.98,89
1956,矯正,4.8,0.75,4,1.41,51
1957,聲譽,5.4,0.49,4.2,1.47,20
1958,無比,5.4,0.49,3.2,0.98,145
1959,無異議,5.2,0.4,3,1.41,0
1960,去除,4.8,0.4,3.4,1.62,49
1961,實用,5.6,0.49,3.8,1.47,138
1962,誠懇,6.6,0.49,4,1.41,99
1963,協力,5.8,0.4,3.6,1.62,22
1964,發育,5.6,0.49,3.6,1.62,72
1965,捐獻,6.4,0.49,4.6,1.5,23
1966,熱誠,6.6,0.49,5.2,1.83,17
1967,良心,6,0,3.4,1.36,89
1968,由衷,5,0,3.8,1.83,27
1969,清晰,5.4,0.49,3.6,1.02,102
1970,奪冠,7,0,5.8,0.98,4
1971,合法性,5.2,0.4,3.8,1.94,21
1972,適任,5.6,0.49,3.4,1.02,9
1973,樂於,6.4,0.49,4.6,1.36,53
1974,邏輯,5.2,0.4,2.8,1.33,144
1975,有名,6,0.63,4.2,1.47,238
1976,可取,5.8,0.75,3.6,1.5,12
1977,調停,4.8,0.4,3.4,1.36,0
1978,讚許,6.6,0.49,5.4,1.02,17
1979,非凡,6.2,0.75,4,1.26,56
1980,奇異,5.2,0.75,4.4,1.85,63
1981,感人,6.2,0.4,5.4,1.2,54
1982,在乎,5.6,0.49,4.4,1.36,138
1983,遠見,6.2,0.75,3.8,1.17,36
1984,持久,5.6,0.8,4,1.79,34
1985,正規,5.8,0.4,3.2,1.17,45
1986,親近,6.2,0.4,3.8,0.75,74
1987,醫治,4.8,0.98,3.8,1.47,33
1988,人情,5.2,0.4,3.4,1.62,90
1989,穩定性,5.4,0.49,3,1.41,49
1990,難忘,5.2,0.75,4.2,1.17,78
1991,端正,5.6,0.49,3.6,1.02,22
1992,修理,4.8,0.4,3.8,1.17,57
1993,教養,5.6,0.49,3.6,1.02,35
1994,洋溢,6.2,0.75,4.6,1.36,44
1995,啟發,6,0.63,4.2,1.72,94
1996,討好,4.6,0.49,4.4,1.85,79
1997,廣闊,6,0.89,3.2,1.47,50
1998,禮貌,6,0.63,3.4,1.5,49
1999,負有,4.8,0.4,3,1.26,16
2000,明瞭,5.8,0.4,3.6,1.36,49
2001,如意,6.8,0.75,4.2,1.17,63
2002,吉祥,6.8,0.75,4.2,1.17,26
2003,自立,5.8,0.4,4.2,0.98,22
2004,晴朗,6.2,0.75,4.4,1.36,28
2005,調劑,5,0.63,2.8,1.33,17
2006,毅力,6,0.63,4.2,1.47,39
2007,精選,6,0.63,3.8,1.47,10
2008,親善,6.4,0.49,4.6,1.2,10
2009,勤奮,6.8,0.4,5,1.9,38
2010,微妙,5.4,0.49,3.2,1.47,52
2011,奮力,6.6,0.49,5.4,1.96,38
2012,奪魁,6.6,1.02,5.2,1.72,14
2013,決定性,5.4,0.8,4.6,1.85,35
2014,詳盡,5.6,0.49,3.4,1.02,39
2015,風度,6,0.63,3.6,1.02,34
2016,茁壯,6.4,0.49,4.8,1.33,48
2017,別緻,5.8,0.4,3.6,1.5,7
2018,特許,5.8,0.75,3.8,1.17,12
2019,安然,5.8,0.4,3,1.1,25
2020,知性,6,0,3,1.41,46
2021,求新,6.2,0.75,4.4,1.36,20
2022,安泰,6.2,0.4,3.6,1.02,14
2023,褒揚,6.2,1.17,5.2,0.98,0
2024,無誤,5.4,0.49,3.2,1.47,25
2025,遙遙領先,7,0.63,5.8,0.75,9
2026,多福,6.2,0.4,3.8,1.47,0
2027,歡慶,6.8,0.75,6,0.63,0
2028,稀少,5,0.89,3.6,1.62,49
2029,廉潔,5.8,0.98,3.2,0.98,8
2030,可貴,6,0.63,3.6,1.36,61
2031,熱中,6.4,0.49,5.4,1.5,32
2032,自助,5.6,0.49,3.8,1.33,59
2033,至上,6,0.89,3.6,1.36,37
2034,攻讀,5.8,0.4,4.4,1.5,33
2035,為榮,7,0.63,5.4,1.36,30
2036,恭喜,6.8,0.4,5.6,1.02,70
2037,吸引人,6.2,0.4,4.6,1.85,28
2038,正統,6,0,3.8,1.17,34
2039,消退,4.8,0.4,4,1.9,15
2040,清明,5.2,0.75,3,1.1,24
2041,才華,6.4,0.49,4,1.1,59
2042,根除,5,0.63,4.8,1.47,8
2043,關愛,6.2,1.17,4,1.1,102
2044,客氣,5.6,0.49,3.6,1.5,125
2045,狂歡,6.6,0.49,7,1.1,39
2046,同感,5.2,0.4,4,1.26,20
2047,永恆,6,0.63,3.8,1.47,130
2048,不懈,5.8,0.75,4.6,1.2,24
2049,調和,5.2,0.75,3.4,1.74,25
2050,謙虛,6.4,0.49,3,1.41,60
2051,奠基,6,0.63,3.4,1.36,14
2052,保釋,4.2,0.75,3.6,1.62,0
2053,學識,6,0.63,2.8,1.33,46
2054,積極性,6.2,0.75,5.4,1.74,29
2055,品味,5.6,0.49,4,0.89,91
2056,勝任,6.2,0.4,3.6,1.62,30
2057,逼真,5.6,0.8,4.4,1.02,16
2058,細膩,6,0,3.4,1.02,76
2059,盡情,5.8,0.4,4.8,1.33,63
2060,偏袒,3.6,0.49,4.8,1.17,14
2061,相容,5.4,0.49,3.2,1.17,96
2062,踏實,6.2,0.4,4,1.1,43
2063,流利,6.4,0.49,3.6,1.36,26
2064,固守,5.2,0.4,3.6,1.02,14
2065,致富,6.4,0.49,4.8,0.98,28
2066,有理,6.2,0.4,3.6,1.02,40
2067,進取,6.4,0.49,4.8,1.47,31
2068,智力,5.4,0.8,3,1.41,18
2069,解開,5.6,0.49,4.4,1.36,45
2070,升起,5.4,0.49,3.8,1.72,38
2071,安樂,5.6,1.02,3.4,1.5,11
2072,憧憬,5.8,0.4,3.4,1.5,55
2073,創造力,6.4,0.49,4.4,1.02,136
2074,忠貞,6.2,0.75,4.2,1.47,22
2075,天真,6.2,0.4,3.2,1.17,92
2076,不爭,4.4,0.49,3.4,1.74,15
2077,功德,6.4,0.49,3.6,1.02,26
2078,好感,6,0,4,1.79,31
2079,征服,5.2,0.4,5.6,1.36,53
2080,豁免,5.2,0.75,4.6,1.2,5
2081,貴族,5.4,0.8,2.8,1.33,170
2082,善於,6,0.63,4,1.1,45
2083,協作,6,0,3.8,1.33,0
2084,首肯,5.2,0.4,3,1.55,11
2085,吉利,6.8,0.4,3.8,0.75,17
2086,鬥志,6.8,0.4,5.8,1.94,30
2087,相等,5.2,0.4,3,1.1,31
2088,自白,5,0,3.2,1.33,0
2089,興盛,6.4,0.8,5,1.26,40
2090,完好,6,0.63,4,1.67,27
2091,名聲,5.6,0.8,3.2,1.17,33
2092,功績,6.2,0.98,3.8,1.47,9
2093,魔法,5.2,0.4,3,1.41,15
2094,出名,6.2,0.75,4.8,1.94,47
2095,可信,5.8,0.75,3.6,1.36,11
2096,光彩,6.6,0.8,4.2,0.98,30
2097,可喜,6.4,0.49,4.6,1.62,38
2098,堅固,6,0.63,3,1.41,40
2099,光芒,5.4,0.49,3.8,1.83,74
2100,遵從,5.4,0.8,4.2,1.47,12
2101,流暢,6,0,3.6,1.02,19
2102,熟練,5.8,0.4,3.4,1.02,37
2103,巧妙,5.8,0.4,3.6,1.5,59
2104,旗開得勝,7.2,0.75,5.8,1.47,7
2105,忍耐,4.6,1.02,4.4,1.36,60
2106,正確性,5.8,0.75,3.4,1.02,18
2107,好吃,6.4,0.49,4.4,1.02,118
2108,助手,5.2,0.4,3,1.41,31
2109,過癮,6.2,0.4,4.6,1.36,34
2110,精通,6.4,0.8,4.2,0.75,33
2111,白金,5.4,0.49,2.8,1.33,0
2112,贊成票,6,0,3.8,2.04,0
2113,激盪,5.6,1.02,6,1.1,40
2114,想像力,5.4,0.8,4,1.67,77
2115,愛上,6.4,0.49,4.8,1.17,58
2116,美感,6.2,0.4,3.8,1.33,122
2117,得力,5.8,0.75,3.8,1.33,26
2118,行善,6.8,0.75,4.2,0.98,23
2119,不凡,6,0.63,4.6,1.2,25
2120,不忍,4.4,0.8,4.2,1.6,48
2121,愉悅,6.6,0.49,4.6,1.36,43
2122,熱力,5.6,1.2,3.2,2.04,17
2123,萬能,6.4,0.49,4.2,1.47,30
2124,滿懷,5.6,0.8,3.8,1.94,38
2125,安康,6.4,0.49,3.4,0.8,37
2126,尊崇,6.6,0.8,4.2,0.75,13
2127,貴重,6,0.63,3.8,1.6,26
2128,指望,5,1.1,3.2,1.94,29
2129,富強,6.8,0.98,4.8,1.17,19
2130,好意,6.2,0.4,3.6,1.02,23
2131,健美,5.8,0.4,3.6,0.8,20
2132,說服力,5.2,0.4,3.6,1.85,24
2133,防備,4.6,0.49,3.8,2.04,24
2134,細緻,5.8,0.4,3.4,1.36,60
2135,高歌,6,0.63,5,1.41,15
2136,寫實,5.4,0.8,3.4,1.62,73
2137,正直,6.6,0.49,3.8,1.17,37
2138,獨一無二,6.4,0.49,4.6,1.5,43
2139,發財,6.8,0.4,5.8,1.17,35
2140,真愛,6.8,0.75,4.8,0.98,20
2141,分寸,4.8,0.4,3.4,1.85,17
2142,堅毅,6.4,0.49,4.4,1.02,21
2143,緊要,4.6,0.8,4,1.9,17
2144,學成,6.2,0.4,4.2,1.47,16
2145,出乎意料,5.2,0.4,6,0.89,18
2146,分工合作,6.2,0.75,4.6,1.5,28
2147,打趣,5.8,0.75,4.2,1.6,16
2148,感同身受,5,0.63,4.4,1.36,11
2149,義不容辭,6.2,0.75,6.2,0.75,6
2150,通俗,5,0,3.2,0.98,70
2151,防水,5.4,0.49,3.2,1.6,27
2152,可靠性,6,0.63,3.6,1.5,18
2153,平坦,5.2,0.4,2.4,1.36,41
2154,正大,6,0.63,3.4,1.02,0
2155,純真,6.2,0.4,3,1.1,44
2156,純淨,6,0.63,3,1.1,29
2157,懇求,4.6,0.8,5.4,1.02,12
2158,嗜好,5.2,0.4,3,1.26,54
2159,喜氣洋洋,7.4,0.49,5,1.67,14
2160,上等,6.4,0.49,3.6,1.2,11
2161,均等,5.2,0.4,2.6,1.36,10
2162,高尚,6.4,0.49,3.4,0.8,33
2163,獨有,5.8,0.4,3.6,1.62,22
2164,精細,6,0,3.6,1.02,39
2165,用功,6.2,0.4,5,1.41,90
2166,激賞,6.4,0.49,5.8,1.33,16
2167,奮勇,6.4,0.49,6.2,1.72,21
2168,生日快樂,6.6,0.49,5,1.41,23
2169,無庸置疑,5.4,0.49,3.8,1.6,8
2170,富麗,6.4,0.49,3.8,0.75,10
2171,賞識,6.2,0.4,4.2,1.17,18
2172,激昂,6,0.63,6.4,1.5,23
2173,精明,5.8,0.4,4,1.1,40
2174,要緊,4.8,0.4,5.2,0.75,57
2175,新奇,5.8,0.4,4.2,1.47,52
2176,高處,5,0,2.6,1.36,17
2177,抒發,4.8,0.4,3.8,1.47,17
2178,引以為傲,6.6,0.49,5.8,1.6,10
2179,謙卑,6.2,0.4,3.8,1.72,9
2180,適性,5.4,0.49,2.8,1.33,5
2181,崇敬,6.4,0.49,4.2,1.17,22
2182,正派,6.4,0.49,3.6,1.36,14
2183,規矩,5.2,0.4,3,1.41,79
2184,典雅,6,0.63,3.4,1.02,34
2185,連貫,5,0,3,1.26,22
2186,睿智,6.4,0.8,3.8,1.17,10
2187,談戀愛,6.2,0.4,5.4,1.5,47
2188,善行,6.4,0.49,3.8,1.33,18
2189,寬闊,6,0.63,3.6,1.85,35
2190,特級,6.4,0.49,4.4,1.2,0
2191,耐性,5.2,0.75,3.6,1.85,38
2192,英明,6.6,0.49,4,1.1,11
2193,漸入佳境,6.4,0.49,4,1.41,11
2194,富足,6.6,0.8,3.8,1.33,23
2195,孝行,6.6,0.49,3.4,1.5,6
2196,創造性,6.4,0.8,4,1.67,31
2197,與有榮焉,6.6,0.49,5,1.67,13
2198,雀躍,6.8,0.4,6,1.1,19
2199,心動,6.4,0.49,5.8,0.75,27
2200,上好,6.4,0.49,4.2,1.33,19
2201,機智,6.2,0.75,4.2,1.17,14
2202,自如,5.2,0.4,2.8,1.33,26
2203,沈著,5.6,0.49,3,1.41,11
2204,直覺,5,0,3.2,1.6,50
2205,人情味,6.4,0.49,4,1.26,35
2206,造詣,5.8,0.98,3.4,1.02,14
2207,耐用,5.6,0.49,3.4,1.36,11
2208,閃爍,5.6,0.8,3.4,1.5,46
2209,良善,6.6,0.49,3.6,0.49,13
2210,老實,6.2,0.4,3.6,1.02,89
2211,相稱,5.6,0.49,3.2,1.47,15
2212,均勻,5.4,0.49,3,1.41,40
2213,消遣,4.4,0.8,3.8,1.17,33
2214,群策群力,6.2,0.4,4,1.41,11
2215,涼爽,6,0,4,2,22
2216,奮發,6.6,0.49,5.4,1.36,10
2217,實用性,5.4,0.49,3.2,1.17,36
2218,內行,6.2,0.4,3.8,1.47,17
2219,奇妙,5.8,0.4,4.2,1.6,73
2220,義無反顧,5,0.63,5.4,1.85,9
2221,手藝,5.4,0.49,2.8,1.33,37
2222,盡興,6.2,0.4,4.8,1.47,28
2223,問題,4.4,0.8,3.4,1.5,6683
2224,沒有,4.4,0.8,3.4,1.5,6510
2225,要求,4.6,0.49,3.6,1.74,1436
2226,無法,4,0.63,4,1.67,2591
2227,不會,4,0.63,4,1.79,2573
2228,不能,4,0.63,4.2,1.47,3145
2229,短暫,4.6,0.49,3.6,1.74,98
2230,減少,4.4,0.49,3.4,1.5,796
2231,利用,4.8,0.4,3.6,1.5,1727
2232,超過,5,0,4.6,1.74,777
2233,不要,4,0.63,4.2,1.47,2153
2234,下跌,3.2,0.4,4.6,1.02,71
2235,避免,4.2,0.75,3.8,1.17,862
2236,大浪,5,0,4.2,1.83,4
2237,透露,5,0,3.4,1.02,240
2238,不斷,5,0,4.4,0.49,730
2239,限制,4.2,0.4,4.2,1.33,579
2240,尚未,4.4,0.8,3,1.26,540
2241,降低,4.8,0.4,3.6,1.2,497
2242,危機,3.2,0.4,5.6,1.5,541
2243,緊急,3.8,0.75,5.6,1.5,206
2244,困難,3.6,0.49,4,1.67,538
2245,犯罪,2.4,0.8,5.4,1.02,197
2246,污染,3,0.63,5,0.63,352
2247,地震,3.4,1.02,5.2,1.94,202
2248,可望,4.6,0.49,4,1.67,111
2249,違反,3.6,0.49,4.6,1.02,259
2250,取消,4,0.63,4.4,1.2,211
2251,逮捕,4,1.79,5.4,1.85,119
2252,不得,4,0.63,4.2,0.98,325
2253,停止,4.8,0.4,3.6,1.62,283
2254,有意,4.6,0.8,4.4,1.36,281
2255,意外,3.4,1.02,5.2,0.98,210
2256,下降,4.6,0.49,3.8,1.17,180
2257,非法,3,0,4.2,1.47,144
2258,排除,4.2,0.75,4.4,1.2,149
2259,感染,3.2,0.4,5,1.1,263
2260,警告,3.6,0.8,5,1.1,96
2261,絕對,5,0,5.6,1.5,524
2262,障礙,4.2,0.4,4.2,0.75,379
2263,危險,2.4,0.49,6,0.89,449
2264,指控,3.2,0.98,6.4,1.2,48
2265,發動,5,0,4.8,1.72,203
2266,疾病,3.4,0.49,4,1.79,389
2267,離開,4.6,0.49,4,1.26,631
2268,不可,4,0.63,4.2,1.17,857
2269,激烈,4.4,0.8,6.8,0.98,306
2270,走私,2.8,0.4,5.2,0.4,58
2271,失業,3,0.63,4,0.89,130
2272,機車,4.6,0.8,3.4,1.36,275
2273,事故,3,0.63,4.6,1.5,87
2274,災害,2.6,0.49,5.6,1.2,71
2275,反彈,3.8,0.4,5.4,1.02,278
2276,一再,4.4,0.8,4,1.67,337
2277,難以,4,0.63,4.4,0.8,527
2278,毒品,3,0,5.2,0.4,101
2279,患者,3.4,0.49,4.2,0.75,238
2280,爆炸,3.2,0.98,6,1.41,69
2281,歹徒,3,0,5.4,1.02,125
2282,起訴,3,0.63,5.4,0.49,33
2283,貶值,3.6,0.49,4.2,1.17,34
2284,絕不,3.4,1.36,5.8,1.17,336
2285,拆除,3.8,0.75,4.8,0.98,152
2286,風暴,3.2,0.4,5.4,1.36,67
2287,突然,4.6,0.8,5.2,1.17,627
2288,病人,4,0.63,3.4,1.36,616
2289,判決,4.6,0.49,4.2,1.6,80
2290,徵收,4.6,0.49,4.8,0.75,115
2291,刑事,4.2,0.75,4.6,0.49,43
2292,武力,3.8,0.75,5.2,1.17,144
2293,辯論,4.4,0.8,5.8,0.75,102
2294,退出,4.2,0.75,4,0.89,105
2295,被告,3.8,0.75,3.8,1.47,118
2296,糾紛,3.4,0.49,4.6,1.2,180
2297,台獨,5.6,1.96,6.8,1.47,72
2298,不佳,3.6,0.49,4.6,1.02,158
2299,對手,4.8,0.4,4,1.41,182
2300,不良,3.4,0.49,4.4,0.8,353
2301,自殺,2,0.63,6,1.1,228
2302,強制,4.2,0.75,6.2,0.75,52
2303,落後,3.4,0.49,4.2,0.98,180
2304,難民,3.2,0.4,4,0.89,32
2305,困擾,3.6,0.49,4.4,1.2,276
2306,不法,3.4,0.49,4.2,0.75,82
2307,不明,4,0.63,3.4,1.02,97
2308,命令,4.2,0.75,5.4,0.8,124
2309,監獄,3.4,0.8,4.2,0.98,62
2310,陷入,3.6,0.8,4,0.89,169
2311,自我,4.6,0.49,3.4,1.02,1055
2312,作戰,4,0.89,5.4,1.02,108
2313,審判,4,0.89,4.8,1.6,35
2314,死者,3.2,1.17,4.4,2.33,79
2315,赤字,3.4,0.49,4.6,1.5,51
2316,遭遇,4,0.63,4.8,0.98,122
2317,武裝,4.2,0.75,4,1.26,47
2318,不如,4.2,0.75,3.4,0.8,236
2319,暫停,4.8,0.4,3.4,1.5,72
2320,道歉,3.6,0.8,4.4,1.36,77
2321,不易,4,0.63,3.6,0.8,343
2322,困境,3.6,0.49,3.6,1.02,256
2323,不景氣,3.4,0.8,3.8,1.17,159
2324,異議,4,0.63,3.8,1.47,80
2325,控告,3.4,0.49,5,1.67,46
2326,癌症,2.6,0.8,4.6,1.5,292
2327,複雜,4.2,0.75,4,1.26,563
2328,派系,4.4,0.49,3.8,0.98,85
2329,刪除,4,0.89,3.6,1.2,85
2330,危害,3.2,0.4,4.8,1.47,39
2331,阻止,4.2,0.75,4.8,1.17,115
2332,秘密,4.6,0.8,3.4,1.02,121
2333,保守,5,0,3.6,1.02,268
2334,罷工,4,0.63,5.4,0.8,68
2335,過度,4,0.63,5.4,1.36,150
2336,不實,3.4,0.49,4,0.89,32
2337,撤銷,3.6,0.8,5,1.1,48
2338,通貨膨脹,4,0.63,5,0.63,48
2339,屍體,3,1.26,3.8,1.94,91
2340,不管,4.4,0.8,3.8,1.47,656
2341,火災,3.2,0.75,5.8,1.17,71
2342,脫離,4.2,0.75,4.6,1.36,163
2343,迫使,3.6,0.49,4.8,1.47,67
2344,搜索,4.4,0.8,4.8,0.75,36
2345,游擊隊,4.8,0.4,4.4,1.62,5
2346,廢除,4.4,0.8,5.6,0.8,73
2347,現實,4.6,0.49,3.6,1.2,401
2348,追蹤,4.4,0.8,3.2,1.33,154
2349,輻射,3.2,0.75,4.8,2.23,98
2350,恐怕,3.8,0.75,5,0.89,398
2351,綁架,2.6,0.49,6,1.1,32
2352,黑道,3.4,0.49,5.2,0.98,32
2353,失事,2.6,0.8,5.4,1.62,14
2354,異常,3.4,0.49,4.2,1.17,157
2355,風波,4.2,0.4,4.2,1.47,86
2356,彈劾,3.4,0.49,5.4,1.36,7
2357,大雨,4.6,0.49,4.8,0.98,66
2358,罰款,3.8,0.4,4,1.26,35
2359,判刑,3.4,0.49,5,1.26,29
2360,東西,5,0,2.8,1.33,1726
2361,殺害,2,0.63,7.2,0.75,78
2362,浪費,3.6,0.49,4.6,1.02,227
2363,意圖,4.2,0.75,3.8,1.47,64
2364,終止,4.2,0.75,4.6,1.36,79
2365,無關,4.6,0.49,3.6,1.62,105
2366,縮小,4.8,0.4,3,1.26,93
2367,爭執,3.4,0.49,6,0.63,55
2368,差異,4.4,0.49,3.4,1.2,520
2369,竟然,4.8,0.4,4.8,1.17,354
2370,中毒,2.8,0.4,6,0.89,71
2371,政變,3,0.63,6,0.63,41
2372,可疑,3.4,0.8,5,1.26,31
2373,分離,4.2,0.75,4,1.26,122
2374,代價,4.2,0.75,3.8,1.47,210
2375,去世,2.6,0.49,4,1.9,151
2376,削減,3.8,0.4,4.6,1.02,28
2377,子彈,4.4,0.49,4,1.79,55
2378,射擊,4.6,0.49,4.8,1.47,45
2379,故障,3.8,0.4,4.2,1.17,58
2380,處置,4.8,0.4,4,1.67,63
2381,封鎖,4,0.63,4.4,1.2,50
2382,洪水,3.6,0.49,4.8,1.6,51
2383,緩慢,4.8,0.4,3,0.89,97
2384,干擾,4.2,0.98,4.2,0.98,111
2385,承受,4.6,0.8,3.8,1.47,109
2386,非正式,4.6,0.49,4.2,1.47,35
2387,推翻,4.2,0.75,5.2,1.72,62
2388,對付,3.8,0.75,4.8,0.98,78
2389,轟炸,3.8,0.75,6,0.63,59
2390,對立,3.4,0.49,5.4,0.49,107
2391,縮減,4,0.63,4.2,1.17,53
2392,打壓,3.2,0.75,6,1.1,40
2393,過多,3.8,0.75,4.4,1.2,64
2394,萎縮,3.6,0.49,4.4,1.36,59
2395,災難,3.2,0.4,5.6,0.8,118
2396,依賴,5,0.63,3.4,1.2,184
2397,中止,4.4,0.49,4,1.41,30
2398,阻礙,3.8,0.75,4.6,0.8,80
2399,空襲,3,0.63,6,0.63,28
2400,感冒,3.4,0.49,3.8,0.98,70
2401,倒塌,3.2,0.75,5.4,0.8,8
2402,申訴,4.2,0.75,4,1.67,107
2403,不予,4.2,0.75,3.4,1.36,50
2404,辛苦,4.2,0.4,3.8,1.17,373
2405,加重,3.8,0.75,4.4,1.02,63
2406,蔓延,4.4,0.8,4.8,0.75,57
2407,否決,3.8,0.75,5.2,1.33,30
2408,消失,4,0.63,4,1.26,409
2409,弊端,2.8,0.75,5.4,1.36,57
2410,頻繁,5,0,4.6,1.36,117
2411,敦促,5.2,0.75,3.6,1.2,10
2412,高價,5.2,0.4,3.8,0.75,32
2413,破產,3,0.63,5.6,1.5,72
2414,擺脫,4.4,1.36,5.6,0.49,124
2415,延誤,3.6,0.49,5.2,0.75,33
2416,賭博,3,0,4.6,1.02,64
2417,不公,3.4,0.49,4.8,1.33,32
2418,違建,3.2,0.75,4.8,1.17,57
2419,陰影,4,0,4.4,1.36,128
2420,外來,4.4,0.49,4,1.26,130
2421,遏止,4,1.41,6,1.41,34
2422,暗示,4.8,0.4,3.6,1.02,72
2423,不應該,4,0.63,5,1.1,0
2424,致使,4.6,0.49,4.4,0.8,82
2425,流亡,3.6,0.49,5.8,0.4,26
2426,批發,5.4,0.49,3.8,1.17,34
2427,破裂,3.4,0.49,5.2,1.17,61
2428,襲擊,2.6,0.8,6.6,0.8,32
2429,搶劫,2.4,0.49,7,1.1,29
2430,打出,4.4,0.8,6,0.63,60
2431,醜聞,3.2,0.4,5.4,1.2,14
2432,暴動,2.6,0.49,6.8,0.98,12
2433,佔領,3.4,1.02,6.4,1.02,55
2434,神經,4.2,0.75,4.2,1.83,184
2435,拖延,4.2,0.75,5,1.26,48
2436,制止,4.4,1.02,5.8,0.75,59
2437,傳染,3.4,0.49,5,1.1,93
2438,故意,3.8,0.75,5,1.1,216
2439,殺人,1.8,0.75,7.2,1.33,23
2440,減弱,3.8,0.4,4.2,1.17,41
2441,噪音,3.6,0.49,5,1.1,96
2442,開除,3.2,0.4,5.8,0.75,37
2443,開槍,2.8,0.4,6,1.1,26
2444,撲滅,3.8,1.17,6.2,0.75,20
2445,傾銷,3.8,0.75,5.4,0.49,9
2446,高壓,4.2,0.4,5,1.1,46
2447,警報,3.6,0.49,5,1.26,29
2448,流氓,3.4,0.49,5.4,0.49,75
2449,激進,3.6,0.8,6.8,0.98,37
2450,燃燒,4.4,0.8,4,1.41,90
2451,宣判,4.4,0.49,4.6,1.5,19
2452,動亂,3.2,0.4,6.2,0.75,48
2453,毆打,2.6,0.49,6.8,0.75,43
2454,憤怒,2.6,0.49,6.6,1.02,112
2455,垃圾場,3.8,0.75,3.6,1.62,76
2456,不顧,3.8,0.75,4.4,0.8,94
2457,慘重,2.6,0.49,5.4,0.8,26
2458,任意,4.2,0.4,4.2,0.98,105
2459,干涉,3.6,0.49,4.8,0.98,70
2460,受害者,2.8,0.4,4.6,1.02,0
2461,超出,4.2,0.75,5.2,0.75,51
2462,佔用,3.6,0.49,5,0.63,47
2463,罰金,3.6,0.49,4.4,0.8,24
2464,可惜,3.6,0.49,4.4,0.8,405
2465,自稱,5,0,3.4,1.02,74
2466,禁令,3.6,0.49,4.8,0.4,14
2467,冷戰,3.6,0.49,4.4,0.8,44
2468,沈重,3.8,0.4,4.2,1.47,83
2469,延期,4,0.63,3.6,1.2,25
2470,腫瘤,3,0.63,4.8,1.17,144
2471,抹黑,3.2,0.75,5.4,1.02,15
2472,包圍,4.2,0.75,5,0.63,52
2473,傳染病,3.4,0.49,4.4,1.36,28
2474,沒想到,4.8,0.4,4,1.67,209
2475,不成,3.8,0.75,3.4,0.8,55
2476,觸犯,3.6,0.49,5.4,0.49,24
2477,勾結,3.4,0.49,5.6,1.02,41
2478,廢止,4,0.63,5,0.63,30
2479,發燒,3.4,0.8,5.2,0.75,78
2480,勒索,3,0,6.4,1.02,85
2481,欠缺,3.6,0.49,4,1.26,124
2482,模糊,4.2,0.75,3.6,1.2,137
2483,退回,4,0,4.8,0.4,33
2484,海洛因,2.6,0.49,5.2,1.33,0
2485,孤立,3.6,0.49,4.2,0.98,53
2486,侵入,3.4,0.49,6,0.63,52
2487,擅自,3.6,0.49,5.4,0.49,21
2488,流血,3.6,0.49,5.4,0.49,64
2489,危及,3,0,6.4,0.8,32
2490,失利,3.4,0.49,5.4,1.36,26
2491,暴亂,2.4,0.49,6.8,0.98,5
2492,傾倒,3.8,0.75,4.8,0.98,63
2493,迫切,3.8,0.75,5.2,1.17,70
2494,強暴,2,0.89,7.2,1.33,49
2495,壟斷,3.4,0.49,5,0.63,102
2496,辭呈,3.4,0.8,4.2,1.47,13
2497,老年,4.6,0.49,2.8,1.17,82
2498,駁回,3.8,0.4,4.6,1.02,32
2499,吸毒,2.8,0.4,6.2,0.75,84
2500,廢棄,3.4,0.49,5,0.63,34
2501,癱瘓,2.8,0.75,5.6,1.5,30
2502,扣押,3.2,0.4,5.6,0.49,9
2503,致死,2.2,0.4,6.2,1.17,26
2504,太過,4,0.63,5.2,0.98,108
2505,倒閉,2.8,0.75,5.6,1.62,40
2506,強盜,3,0,6,0.89,159
2507,相反,4.8,0.4,3.8,1.17,204
2508,撤回,4.2,0.98,5,0.63,11
2509,減低,4.4,0.8,3.2,0.98,91
2510,沒收,3.6,0.49,4.6,1.02,23
2511,控訴,3.2,0.75,5.4,1.2,27
2512,頭痛,3.6,0.49,5,0.63,123
2513,動盪,3.6,0.8,4.8,1.17,29
2514,屠殺,2.2,0.4,7.2,1.17,31
2515,差別,4.2,0.75,3.4,1.02,211
2516,嫌疑,3.6,0.49,4.6,1.02,42
2517,揭露,4,0.63,5.2,1.17,20
2518,對峙,4.4,0.49,5.2,1.17,21
2519,落選,3.2,0.4,5.2,1.33,14
2520,乾旱,3.2,0.75,4.6,1.85,16
2521,缺席,3.8,0.4,4.6,0.8,45
2522,擊中,4.6,1.02,5.6,0.8,30
2523,猖獗,3,0.63,6.4,1.02,27
2524,疑問,4.6,0.49,4,1.26,134
2525,陷於,4,0.63,4,0.89,39
2526,特權,4.4,0.49,4.6,1.2,65
2527,細菌,4,0.89,4.2,1.72,99
2528,瑕疵,3.6,0.49,3.8,1.47,26
2529,未必,4.6,0.49,4,1.26,175
2530,暴露,3.4,0.49,5.8,0.75,76
2531,氾濫,3.2,0.4,5.6,0.49,58
2532,不肖,3,0.63,5.8,0.75,35
2533,瓦解,3.6,0.49,5.4,1.02,68
2534,嚴肅,4.6,0.49,4.2,1.17,163
2535,逼近,4,0.89,4.2,1.17,48
2536,不清,4,0.63,4,1.26,33
2537,賄賂,2.8,0.4,5.6,0.49,10
2538,淪為,3.8,0.75,4.8,0.75,85
2539,分開,3.8,0.75,5,0.63,121
2540,延遲,3.6,0.49,4.2,0.98,46
2541,加深,4.6,0.8,5,1.1,86
2542,動武,3.4,0.49,6,0.63,42
2543,逃生,3.6,0.49,6,0.89,34
2544,受阻,3.4,0.8,5.8,0.75,20
2545,變革,3.6,1.02,6,1.26,91
2546,分割,3.8,0.75,5.4,1.62,61
2547,獨裁,3,0.63,5.8,0.98,54
2548,陰謀,3.2,0.75,5.4,1.5,28
2549,謠言,3.6,0.49,4.8,1.47,38
2550,逃亡,3,0.89,5.8,0.75,22
2551,格外,4.8,0.4,4.2,1.33,113
2552,崩潰,2.8,0.75,6.8,1.17,64
2553,掩埋,4.4,0.8,4.2,1.72,28
2554,行賄,2.8,0.4,6.4,1.02,5
2555,告發,3.8,0.4,5.4,0.8,25
2556,藉口,3.6,0.49,4.8,0.98,78
2557,扣留,3.4,0.49,5.4,0.49,7
2558,不彰,3.4,0.49,5,0,67
2559,戰場,3.4,0.8,5.6,1.62,106
2560,無可,4.4,0.49,3.6,0.8,67
2561,拖累,3.6,0.49,5.4,0.49,13
2562,誤導,3.6,0.49,5.2,0.4,36
2563,流浪,3.4,0.49,4.4,1.74,80
2564,延緩,4.6,0.49,3,1.1,18
2565,搶奪,3,0.63,6.6,1.02,21
2566,相差,4.4,0.8,3,1.1,80
2567,加劇,4,0.63,5.8,1.72,9
2568,避開,4.2,0.75,4.8,0.98,88
2569,哀悼,2.6,0.49,5.6,1.5,13
2570,漏洞,3.6,0.49,4,1.26,46
2571,暴雨,3.6,0.49,5.6,0.49,20
2572,過世,2.4,0.8,5.2,1.47,84
2573,擁擠,3.8,0.4,5.4,0.49,83
2574,肆虐,3.2,0.4,6.2,1.17,26
2575,搶走,3.4,0.49,5.8,0.75,22
2576,大聲,4.6,0.49,5.8,0.75,195
2577,監禁,3.2,0.4,4.6,1.02,11
2578,囚犯,3,0.63,4.6,1.02,12
2579,驅逐,3.2,0.4,6,0.63,27
2580,投機,3.6,0.49,5,1.1,112
2581,過剩,4.2,0.4,4,0.89,35
2582,削弱,4,0,4.6,0.8,33
2583,燒燬,3.2,0.4,5.8,0.75,6
2584,傷口,3.6,0.49,3.6,1.2,64
2585,暴行,3,0,6.4,0.8,11
2586,地雷,3.2,0.75,5,1.9,9
2587,肥胖,4,0,3.8,1.47,48
2588,血腥,2.8,0.4,5.6,0.49,18
2589,化石,5,0,2.2,1.47,34
2590,慢性,4,0.63,3.6,1.36,139
2591,誹謗,3,0.63,6,1.1,4
2592,埋伏,3.8,0.75,4.8,1.17,39
2593,下陷,3.6,0.49,4.4,0.8,24
2594,窘境,3.6,0.49,4.4,1.02,33
2595,挖掘,5,0,3,1.67,104
2596,規避,4,0.63,4.6,1.02,19
2597,闖入,3.2,0.4,6.2,0.98,34
2598,突發,4,0.89,6.2,0.98,44
2599,動搖,4,0,5.4,0.8,61
2600,遺失,3.8,0.4,4.2,1.47,40
2601,欠佳,3.6,0.49,4,1.41,28
2602,投降,3.6,0.49,5,0.63,53
2603,不以為然,4.6,0.49,4,1.26,65
2604,貿然,4,0.63,5.2,1.33,37
2605,退役,5,0,3.8,1.47,28
2606,濃煙,4,0.63,4.2,1.72,19
2607,進攻,4.2,1.17,6.2,0.98,58
2608,被害,2.4,0.8,6.4,1.2,9
2609,兇手,2.2,0.75,6,1.1,9
2610,捲入,4,0.63,5,1.1,48
2611,發作,4.2,0.75,5.8,0.75,92
2612,拘留,3.6,0.49,5.2,0.75,13
2613,蓄意,3.4,0.49,6,1.41,15
2614,戰役,4.2,0.75,4.6,1.85,28
2615,漠視,3.6,0.49,3.8,1.17,47
2616,共犯,3,0.63,5.4,0.49,40
2617,極度,4.2,0.75,6.2,1.47,74
2618,浮動,4.6,0.49,4.4,1.02,49
2619,安撫,5,1.1,3.2,0.98,36
2620,自認,5,0,2.8,1.17,65
2621,昏迷,3,0.63,5,1.9,36
2622,求助,3.6,0.8,5.8,0.75,47
2623,受難者,2.6,0.8,5.2,0.4,0
2624,停滯,3.8,0.75,3.8,0.98,33
2625,骨折,3.2,0.4,5,0.63,5
2626,殖民,4,0.89,4,1.67,78
2627,相撞,3,0.63,6,1.1,8
2628,嚴懲,2.8,0.75,6.6,1.02,8
2629,反覆,4.6,0.49,3.8,1.17,82
2630,警惕,4.4,0.8,4.8,1.6,26
2631,好戰,4.6,0.8,6,2,7
2632,恫嚇,3,0,6.6,1.02,7
2633,欺騙,3.2,0.4,6,0.89,76
2634,瘋狂,4.4,0.8,7,1.67,115
2635,撞擊,3.6,0.49,6.2,0.98,40
2636,次級,4.2,0.4,3.6,1.2,38
2637,遲緩,4,0,4.4,1.2,17
2638,投訴,3.8,0.4,5,1.1,22
2639,施以,4.8,0.4,3.8,0.98,34
2640,阻塞,4.2,0.75,5,1.1,61
2641,抵抗,3.4,0.8,6.2,1.17,70
2642,忍受,3.6,0.49,5.6,0.8,157
2643,撤退,3.8,0.75,5.2,1.17,32
2644,默默,4.8,0.4,3,1.1,107
2645,混淆,4,0,4.2,0.98,54
2646,毀滅性,3.2,0.98,6.4,1.74,6
2647,有罪,3,0,5.4,0.8,15
2648,滲透,4.2,0.75,3.6,0.8,38
2649,衝撞,3.6,0.8,5.8,0.75,15
2650,絲毫,4.8,0.4,2.6,1.36,115
2651,脂肪,5,0,2.2,1.47,70
2652,無形,5,0,2.6,1.36,138
2653,限定,5,0.63,5,2.1,46
2654,停頓,4.8,0.4,2.8,1.33,30
2655,炸藥,3.2,0.75,5,1.67,9
2656,停業,3.4,0.8,4.6,1.96,13
2657,制服,5,0,2.2,1.47,77
2658,轟動,4.8,0.98,6.6,1.36,37
2659,暴徒,2.4,0.49,6.2,0.98,8
2660,暗殺,1.8,0.75,6,0,14
2661,殘骸,3,0.63,3.6,1.2,11
2662,耗費,4.4,0.49,3.4,0.8,54
2663,負荷,4,0,4.2,1.17,75
2664,未定,4.4,0.49,3.6,1.36,33
2665,顛覆,5.2,0.4,5.4,1.62,48
2666,居然,4.6,0.49,4.6,1.36,241
2667,薄弱,3.6,0.49,4,1.26,65
2668,衰竭,3.4,0.49,4,1.26,31
2669,大屠殺,1.8,0.75,7.2,0.98,23
2670,免職,3,0.63,4.8,0.98,7
2671,潛逃,3.4,0.49,6,1.1,13
2672,誤差,4,0,3.6,1.2,38
2673,變相,4.8,0.4,4.2,1.17,18
2674,擔負,4.4,0.49,4.6,1.02,44
2675,牴觸,4,0.63,5.6,1.02,18
2676,暴跌,3,0,5.8,1.17,19
2677,隱藏,4.6,0.49,3.2,0.98,101
2678,佔據,4,1.1,5.4,0.49,47
2679,清算,3.8,0.75,5.6,1.36,10
2680,蒙受,3.6,0.49,4.6,1.02,14
2681,分化,4,0.63,4.2,1.47,59
2682,招致,4,0.63,5.2,1.17,34
2683,有毒,3,0,5.8,1.17,28
2684,犯人,2.6,0.49,5.2,0.4,32
2685,酒醉,3.4,0.8,5.4,1.36,12
2686,消耗,3.8,1.17,4.4,1.2,57
2687,過敏,4,0.63,3.8,1.17,28
2688,寒冷,4.6,0.8,3,1.41,62
2689,不下,4.4,0.8,2.6,1.2,15
2690,不休,4.2,0.75,3.8,1.47,45
2691,蕭條,3.6,0.49,3.6,1.36,30
2692,壓倒性,5.2,0.75,6.2,1.6,10
2693,追逐,4.8,0.4,5.4,1.36,80
2694,贓物,3.2,0.4,4,1.41,11
2695,勒贖,2.4,0.49,6,0.89,11
2696,包庇,3.4,0.49,4.6,1.36,15
2697,罷黜,3.6,1.36,5.8,1.72,10
2698,斷裂,3.6,0.8,5.2,1.33,14
2699,痛心,2.8,0.4,6.6,1.02,48
2700,口角,3.4,0.49,5.4,1.36,21
2701,過份,3.4,0.8,6,1.1,36
2702,觸及,4.6,0.49,3.8,1.6,32
2703,偏差,3.8,0.4,3.8,1.17,59
2704,追捕,4,1.1,5.8,0.75,19
2705,灼傷,3.2,0.75,5.2,0.98,0
2706,抓住,4.4,1.02,4.8,0.4,126
2707,切斷,4.2,0.75,5,0.63,44
2708,攻佔,4.6,1.2,5.6,0.8,28
2709,盲目,3.8,0.75,4.2,1.47,72
2710,流出,4.8,0.4,3.2,0.98,39
2711,婉拒,4.2,0.4,3,1.1,15
2712,動手,4,0.63,5.2,0.75,117
2713,斷絕,3.2,0.4,5.8,0.75,32
2714,落入,4,0.63,5,1.1,48
2715,感慨,4,0,3.4,0.8,63
2716,冗長,4,0,3.2,1.17,23
2717,打入,4.4,0.8,3.8,1.17,50
2718,情結,4.8,0.4,2.6,1.36,98
2719,嘔吐,3.4,0.8,6,1.1,46
2720,怎樣,4.2,1.17,4.4,1.62,195
2721,隱瞞,3.6,0.49,4.6,1.02,34
2722,毒氣,3,0.63,4.6,1.36,11
2723,求救,3.6,0.49,6,0.63,20
2724,屈服,3.8,0.75,4.6,1.02,26
2725,拜託,4.4,0.49,5.2,0.75,56
2726,捕捉,4.2,1.17,5.4,0.49,106
2727,過量,3.6,0.49,4.8,0.98,25
2728,傾斜,3.8,0.4,3.8,1.17,41
2729,未遂,3.4,0.49,4,1.26,14
2730,拖欠,3.6,0.49,4.4,0.8,4
2731,摩擦,4,0.63,4.6,1.36,25
2732,安慰,4.6,1.02,3.4,1.02,135
2733,歸咎於,3.6,0.8,3.8,1.47,15
2734,遏制,4,1.1,5.6,0.8,0
2735,質問,3.6,1.36,6.2,1.17,46
2736,受挫,3.4,0.49,6,0.63,15
2737,危急,3,0.63,6.4,0.8,17
2738,狹窄,4.2,0.4,3.4,1.36,78
2739,不得已,3.6,0.49,4,1.67,57
2740,殖民地,4.2,0.75,3.2,0.98,54
2741,暗中,4.2,0.75,3.2,0.98,39
2742,飢餓,3.4,0.49,5,1.26,27
2743,掩飾,4.4,0.49,3.2,1.17,43
2744,下手,3.4,0.49,4.8,0.75,53
2745,洩露,3.8,0.4,4.8,0.98,13
2746,煽動,3.4,0.49,6.4,0.8,16
2747,寧可,4.4,0.8,3,1.1,99
2748,生變,3.8,0.75,4,1.79,0
2749,智障,2.8,0.4,4.8,1.47,48
2750,老大,4.8,0.4,2.8,1.6,153
2751,共謀,3.8,0.4,5.2,0.75,0
2752,發炎,3.8,0.4,4.8,0.75,47
2753,較勁,4.4,1.02,6.2,1.17,32
2754,得不到,3.8,0.4,3.8,1.17,0
2755,擠滿,4.2,0.75,3.6,1.96,46
2756,不和,3.8,0.4,4.2,1.47,20
2757,瀰漫,4.6,0.49,3,1.1,50
2758,擾亂,3.8,0.4,5.4,0.8,27
2759,受難,3,0.63,5.8,1.17,51
2760,假冒,3.8,0.4,4.4,1.02,5
2761,不尋常,3.6,0.49,3.6,1.2,24
2762,行竊,3,0,5.6,1.02,23
2763,麻醉,4.2,0.75,3.2,1.17,83
2764,縱容,3.6,0.49,5.2,1.33,31
2765,專制,3.6,0.49,5.6,0.8,28
2766,違章,3.8,0.4,5.2,0.75,16
2767,訝異,3.8,0.75,5,1.41,45
2768,限度,4.4,0.49,3.6,1.74,38
2769,洩漏,3.6,0.49,4.4,1.2,13
2770,近視,4.2,0.75,2.6,1.5,20
2771,煞車,4.6,0.8,3.4,1.36,27
2772,孤兒,4,0.63,3.6,1.62,43
2773,炸毀,3,0.63,6.6,1.02,12
2774,激戰,4,0.89,7,1.26,10
2775,議論,4.4,0.49,5,0.63,47
2776,窮人,3.6,0.49,3.2,1.17,68
2777,出賣,3,0.63,4.8,1.47,48
2778,餘地,4.4,0.8,4.2,1.47,55
2779,屠宰,2.8,0.4,5.6,0.49,8
2780,不合時宜,3.8,0.4,3.6,1.36,20
2781,低潮,3.8,0.4,3.2,1.47,26
2782,毛病,3.8,0.4,3.8,1.17,106
2783,作秀,3.8,0.4,4.2,1.47,17
2784,踐踏,3.8,0.98,5,0.89,22
2785,寧願,4.8,0.4,2.8,1.33,65
2786,遇刺,2.8,0.4,5.8,0.75,11
2787,無家可歸,3.4,0.49,4.4,1.74,14
2788,失調,3.8,0.4,3.6,1.2,43
2789,猥褻,2.8,0.4,5.4,1.36,9
2790,野心,5.2,0.75,5.4,1.36,69
2791,背信,3.2,0.75,6.2,0.75,8
2792,侵蝕,3.4,0.49,4.4,0.8,49
2793,牽制,3.8,0.75,5.2,0.75,26
2794,囚禁,3,0.63,6,1.1,12
2795,殺人罪,1.8,0.75,6.8,0.98,0
2796,慘案,2,0,6.4,1.02,5
2797,清寒,3.8,0.4,3.8,1.17,16
2798,失效,4,0,4,1.1,12
2799,剷除,4,1.1,5.4,0.8,20
2800,匱乏,3.6,0.49,4.4,1.2,39
2801,黑暗,4,0,3.6,1.2,78
2802,突襲,3.8,0.75,5.2,1.17,6